date,time,tempC,windspeed,rainfall,humidity,pressure,cloudcover
2019-01-01,00,23,10,0.0,61,1011,2
2019-01-01,03,24,7,0.0,73,1011,4
2019-01-01,06,22,9,0.0,86,1011,18
2019-01-01,09,26,12,0.2,78,1011,78
2019-01-01,12,30,13,1.8,64,1009,88
2019-01-01,15,31,15,7.2,51,1008,89
2019-01-01,18,31,13,3.5,58,1007,84
2019-01-01,21,28,12,0.8,73,1007,82
2019-01-02,00,26,12,0.0,83,1007,24
2019-01-02,03,26,9,0.0,88,1006,29
2019-01-02,06,26,9,0.0,84,1007,82
2019-01-02,09,28,8,2.6,63,1006,74
2019-01-02,12,30,9,0.0,60,1005,47
2019-01-02,15,31,11,0.0,57,1003,58
2019-01-02,18,31,12,1.2,72,1003,73
2019-01-02,21,27,17,0.0,77,1005,45
2019-01-03,00,25,18,3.5,77,1008,75
2019-01-03,03,21,24,0.0,70,1010,72
2019-01-03,06,17,23,0.0,52,1011,71
2019-01-03,09,18,17,0.0,41,1014,47
2019-01-03,12,22,10,0.0,33,1013,23
2019-01-03,15,26,12,0.0,24,1012,0
2019-01-03,18,27,8,0.0,28,1012,0
2019-01-03,21,22,6,0.0,37,1013,0
2019-01-04,00,19,12,0.0,45,1014,0
2019-01-04,03,18,13,0.0,55,1014,0
2019-01-04,06,17,12,0.0,58,1015,0
2019-01-04,09,22,11,0.0,47,1016,0
2019-01-04,12,27,10,0.0,37,1015,3
2019-01-04,15,30,8,0.0,27,1014,5
2019-01-04,18,30,6,0.0,31,1013,4
2019-01-04,21,24,5,0.0,45,1014,6
2019-01-05,00,23,6,0.0,51,1015,0
2019-01-05,03,21,9,0.0,56,1014,0
2019-01-05,06,20,10,0.0,67,1014,0
2019-01-05,09,24,14,0.0,52,1015,0
2019-01-05,12,28,14,0.0,41,1013,0
2019-01-05,15,30,14,0.0,29,1011,0
2019-01-05,18,30,15,0.0,38,1009,2
2019-01-05,21,26,13,0.0,56,1009,7
2019-01-06,00,25,12,0.0,69,1009,9
2019-01-06,03,23,13,0.0,70,1009,18
2019-01-06,06,22,12,0.0,66,1008,30
2019-01-06,09,25,16,0.0,64,1008,81
2019-01-06,12,28,11,0.0,56,1006,65
2019-01-06,15,31,6,0.2,49,1004,83
2019-01-06,18,30,5,0.0,55,1004,22
2019-01-06,21,26,4,0.0,75,1005,56
2019-01-07,00,25,1,0.0,75,1003,48
2019-01-07,03,24,5,0.0,75,1003,26
2019-01-07,06,22,8,0.3,73,1001,70
2019-01-07,09,23,10,0.3,66,1002,78
2019-01-07,12,25,9,0.0,62,1002,56
2019-01-07,15,27,8,0.0,59,1001,77
2019-01-07,18,28,11,0.0,64,1000,4
2019-01-07,21,26,8,0.0,70,1002,0
2019-01-08,00,24,10,0.0,76,1004,0
2019-01-08,03,22,10,0.0,73,1006,2
2019-01-08,06,22,10,0.0,71,1007,0
2019-01-08,09,26,11,0.0,56,1009,1
2019-01-08,12,31,12,0.0,46,1009,13
2019-01-08,15,32,13,0.0,36,1009,24
2019-01-08,18,30,19,0.0,47,1008,32
2019-01-08,21,27,16,0.0,59,1009,28
2019-01-09,00,25,14,0.0,70,1008,36
2019-01-09,03,24,9,3.3,84,1008,80
2019-01-09,06,23,8,1.6,87,1007,84
2019-01-09,09,26,3,0.0,73,1007,9
2019-01-09,12,30,12,0.0,59,1006,29
2019-01-09,15,31,12,0.1,45,1005,83
2019-01-09,18,28,10,0.0,57,1007,25
2019-01-09,21,25,14,0.0,71,1009,29
2019-01-10,00,21,18,1.1,81,1011,60
2019-01-10,03,19,16,0.0,87,1012,89
2019-01-10,06,19,16,1.2,90,1012,96
2019-01-10,09,20,14,0.0,84,1015,100
2019-01-10,12,21,13,0.0,79,1015,83
2019-01-10,15,21,12,0.0,73,1016,67
2019-01-10,18,23,14,0.0,55,1016,52
2019-01-10,21,18,18,0.0,69,1018,48
2019-01-11,00,17,13,0.0,79,1020,0
2019-01-11,03,15,10,0.0,86,1020,5
2019-01-11,06,14,8,0.0,85,1021,0
2019-01-11,09,19,8,0.0,57,1021,0
2019-01-11,12,23,8,0.0,41,1020,0
2019-01-11,15,26,8,0.0,26,1019,0
2019-01-11,18,26,13,0.0,33,1017,0
2019-01-11,21,21,13,0.0,47,1018,0
2019-01-12,00,20,10,0.0,60,1018,0
2019-01-12,03,20,10,0.0,71,1018,3
2019-01-12,06,19,8,0.0,79,1017,5
2019-01-12,09,24,11,0.0,66,1017,1
2019-01-12,12,27,12,0.0,50,1016,1
2019-01-12,15,30,13,0.0,35,1014,0
2019-01-12,18,29,12,0.0,43,1013,0
2019-01-12,21,25,14,0.0,60,1014,0
2019-01-13,00,23,11,0.0,68,1014,2
2019-01-13,03,22,8,0.0,79,1015,4
2019-01-13,06,22,6,0.0,90,1014,19
2019-01-13,09,26,11,0.0,72,1015,48
2019-01-13,12,27,13,0.0,61,1014,31
2019-01-13,15,27,15,0.3,49,1012,88
2019-01-13,18,27,14,0.0,56,1012,17
2019-01-13,21,25,10,0.0,72,1013,16
2019-01-14,00,23,6,0.0,85,1014,28
2019-01-14,03,21,6,0.0,88,1014,7
2019-01-14,06,21,9,0.0,91,1013,26
2019-01-14,09,24,13,0.0,73,1014,59
2019-01-14,12,28,12,0.0,58,1013,55
2019-01-14,15,30,10,0.0,43,1012,50
2019-01-14,18,28,17,0.0,60,1011,43
2019-01-14,21,24,12,0.0,77,1012,19
2019-01-15,00,23,11,0.0,82,1013,52
2019-01-15,03,22,9,0.0,86,1013,40
2019-01-15,06,22,9,0.0,89,1012,55
2019-01-15,09,24,9,0.5,71,1012,71
2019-01-15,12,26,10,0.1,69,1011,53
2019-01-15,15,25,11,0.9,67,1010,59
2019-01-15,18,23,14,4.4,75,1009,82
2019-01-15,21,23,11,0.0,82,1010,23
2019-01-16,00,21,7,0.0,88,1010,7
2019-01-16,03,20,5,0.0,89,1010,7
2019-01-16,06,19,4,0.0,91,1009,11
2019-01-16,09,23,4,0.0,70,1011,0
2019-01-16,12,28,4,0.0,51,1010,0
2019-01-16,15,33,4,0.0,31,1009,0
2019-01-16,18,32,1,0.0,40,1009,0
2019-01-16,21,27,5,0.0,53,1010,0
2019-01-17,00,23,3,0.0,61,1013,7
2019-01-17,03,21,21,0.0,55,1015,9
2019-01-17,06,18,21,0.0,61,1017,13
2019-01-17,09,20,22,0.0,56,1019,17
2019-01-17,12,23,19,0.0,47,1018,16
2019-01-17,15,25,17,0.0,39,1018,15
2019-01-17,18,23,21,0.0,47,1018,8
2019-01-17,21,20,22,0.0,56,1020,33
2019-01-18,00,18,16,0.0,59,1022,56
2019-01-18,03,16,13,0.0,68,1022,58
2019-01-18,06,15,14,0.3,69,1022,77
2019-01-18,09,17,15,0.0,68,1022,21
2019-01-18,12,21,15,0.0,57,1021,32
2019-01-18,15,25,14,0.0,47,1020,43
2019-01-18,18,24,17,0.0,49,1020,26
2019-01-18,21,21,16,0.0,65,1021,8
2019-01-19,00,19,12,0.0,75,1022,4
2019-01-19,03,18,8,0.0,78,1023,0
2019-01-19,06,16,4,0.0,81,1023,4
2019-01-19,09,22,5,0.0,58,1023,3
2019-01-19,12,24,10,0.0,47,1022,4
2019-01-19,15,26,14,0.0,35,1021,5
2019-01-19,18,25,17,0.0,42,1020,2
2019-01-19,21,21,15,0.0,55,1020,0
2019-01-20,00,20,10,0.0,68,1021,0
2019-01-20,03,20,12,0.0,76,1020,3
2019-01-20,06,18,12,0.0,78,1020,4
2019-01-20,09,22,13,0.0,61,1020,0
2019-01-20,12,25,14,0.0,47,1018,2
2019-01-20,15,27,15,0.0,33,1016,3
2019-01-20,18,27,15,0.0,39,1014,0
2019-01-20,21,23,13,0.0,54,1014,0
2019-01-21,00,22,8,0.0,67,1014,0
2019-01-21,03,20,9,0.0,73,1014,2
2019-01-21,06,19,10,0.0,81,1014,15
2019-01-21,09,24,13,0.0,67,1014,20
2019-01-21,12,27,13,0.0,56,1013,33
2019-01-21,15,31,12,0.0,45,1011,46
2019-01-21,18,31,10,0.0,47,1010,13
2019-01-21,21,27,6,0.0,62,1011,0
2019-01-22,00,25,9,0.0,67,1012,0
2019-01-22,03,24,12,0.0,72,1012,0
2019-01-22,06,23,10,0.0,78,1012,16
2019-01-22,09,28,12,0.0,61,1013,8
2019-01-22,12,31,12,0.0,53,1011,22
2019-01-22,15,34,11,0.0,45,1010,35
2019-01-22,18,33,13,0.0,48,1009,48
2019-01-22,21,29,10,0.0,60,1010,45
2019-01-23,00,27,9,0.0,74,1011,6
2019-01-23,03,25,5,0.5,80,1012,80
2019-01-23,06,23,10,0.3,88,1014,70
2019-01-23,09,25,15,0.0,73,1016,48
2019-01-23,12,27,18,0.0,60,1015,27
2019-01-23,15,31,21,0.0,46,1014,7
2019-01-23,18,30,23,0.0,50,1013,4
2019-01-23,21,24,21,0.0,55,1015,5
2019-01-24,00,23,16,0.0,65,1016,16
2019-01-24,03,23,13,0.0,78,1016,31
2019-01-24,06,23,12,0.0,88,1016,34
2019-01-24,09,26,16,0.0,72,1017,40
2019-01-24,12,29,19,0.0,57,1016,20
2019-01-24,15,32,22,0.0,41,1014,0
2019-01-24,18,32,22,0.0,49,1014,2
2019-01-24,21,29,19,0.0,62,1014,5
2019-01-25,00,26,22,0.0,73,1015,5
2019-01-25,03,24,18,0.1,77,1015,70
2019-01-25,06,23,19,0.0,83,1014,62
2019-01-25,09,25,14,0.0,72,1014,47
2019-01-25,12,28,19,0.5,62,1013,75
2019-01-25,15,29,17,0.2,52,1012,87
2019-01-25,18,26,18,0.3,67,1010,54
2019-01-25,21,25,11,0.0,74,1011,20
2019-01-26,00,25,5,0.0,86,1011,16
2019-01-26,03,24,3,0.0,88,1012,20
2019-01-26,06,23,1,0.0,89,1012,30
2019-01-26,09,27,6,0.0,77,1013,26
2019-01-26,12,30,6,0.0,61,1013,33
2019-01-26,15,32,6,0.0,45,1012,40
2019-01-26,18,32,2,0.0,46,1011,49
2019-01-26,21,28,9,0.2,61,1012,81
2019-01-27,00,27,10,0.0,74,1013,0
2019-01-27,03,25,10,0.0,87,1013,35
2019-01-27,06,25,10,0.0,91,1013,44
2019-01-27,09,27,10,0.0,79,1013,76
2019-01-27,12,31,10,0.3,62,1012,56
2019-01-27,15,33,10,0.0,45,1010,35
2019-01-27,18,32,12,0.0,50,1009,29
2019-01-27,21,28,14,0.0,64,1009,21
2019-01-28,00,27,9,0.0,78,1010,10
2019-01-28,03,27,7,0.0,81,1009,31
2019-01-28,06,26,9,0.0,83,1009,13
2019-01-28,09,30,10,0.0,65,1010,21
2019-01-28,12,33,12,0.0,54,1009,36
2019-01-28,15,35,13,0.0,42,1008,52
2019-01-28,18,36,14,0.0,43,1007,62
2019-01-28,21,32,8,0.0,57,1009,74
2019-01-29,00,30,15,0.0,70,1010,12
2019-01-29,03,28,15,0.0,74,1010,45
2019-01-29,06,28,16,0.0,74,1009,48
2019-01-29,09,32,18,0.0,55,1010,47
2019-01-29,12,34,17,0.0,47,1008,45
2019-01-29,15,37,15,0.0,39,1006,44
2019-01-29,18,32,11,11.2,41,1005,80
2019-01-29,21,30,12,0.0,47,1005,25
2019-01-30,00,28,14,0.0,63,1007,79
2019-01-30,03,29,16,0.0,71,1007,74
2019-01-30,06,26,14,2.2,75,1007,72
2019-01-30,09,27,11,0.8,56,1008,72
2019-01-30,12,31,14,0.0,48,1008,72
2019-01-30,15,32,13,0.4,39,1008,72
2019-01-30,18,32,11,0.0,40,1007,8
2019-01-30,21,29,9,0.0,52,1007,4
2019-01-31,00,28,6,0.0,67,1011,0
2019-01-31,03,25,16,0.0,47,1012,1
2019-01-31,06,20,14,0.0,57,1013,5
2019-01-31,09,23,13,0.0,48,1014,2
2019-01-31,12,28,13,0.0,39,1013,3
2019-01-31,15,31,13,0.0,29,1012,5
2019-01-31,18,29,16,0.0,36,1010,74
2019-01-31,21,26,14,0.0,52,1011,7
2019-02-01,00,26,6,0.0,64,1011,13
2019-02-01,03,26,8,0.0,69,1011,7
2019-02-01,06,25,6,0.0,78,1011,70
2019-02-01,09,28,10,0.0,72,1012,70
2019-02-01,12,31,11,0.0,51,1012,45
2019-02-01,15,34,13,0.0,30,1011,20
2019-02-01,18,34,14,0.0,25,1010,5
2019-02-01,21,31,12,0.0,25,1012,0
2019-02-02,00,28,9,0.0,65,1014,2
2019-02-02,03,24,21,0.0,73,1015,47
2019-02-02,06,23,19,0.0,52,1017,85
2019-02-02,09,23,21,0.0,37,1020,2
2019-02-02,12,26,19,0.0,30,1020,5
2019-02-02,15,28,17,0.0,24,1021,8
2019-02-02,18,25,14,0.0,34,1022,10
2019-02-02,21,22,21,0.0,45,1023,5
2019-02-03,00,19,15,0.0,55,1026,0
2019-02-03,03,18,13,0.0,62,1025,0
2019-02-03,06,16,11,0.0,71,1026,0
2019-02-03,09,19,12,0.0,58,1027,3
2019-02-03,12,24,11,0.0,45,1025,3
2019-02-03,15,26,10,0.0,32,1023,4
2019-02-03,18,26,14,0.0,38,1023,3
2019-02-03,21,22,12,0.0,55,1023,3
2019-02-04,00,20,9,0.0,59,1024,0
2019-02-04,03,19,6,0.0,66,1024,0
2019-02-04,06,18,3,0.0,71,1024,0
2019-02-04,09,23,4,0.0,54,1025,0
2019-02-04,12,26,8,0.0,42,1023,2
2019-02-04,15,28,12,0.0,30,1022,4
2019-02-04,18,28,14,0.0,34,1021,0
2019-02-04,21,23,12,0.0,49,1021,0
2019-02-05,00,22,10,0.0,59,1022,0
2019-02-05,03,21,9,0.0,65,1022,0
2019-02-05,06,19,6,0.0,69,1021,0
2019-02-05,09,24,8,0.0,53,1022,0
2019-02-05,12,27,11,0.0,41,1020,0
2019-02-05,15,30,14,0.0,28,1018,0
2019-02-05,18,28,14,0.0,35,1017,0
2019-02-05,21,24,13,0.0,52,1017,0
2019-02-06,00,23,12,0.0,63,1017,0
2019-02-06,03,21,9,0.0,68,1017,0
2019-02-06,06,20,9,0.0,73,1016,0
2019-02-06,09,25,14,0.0,57,1017,4
2019-02-06,12,28,15,0.0,46,1015,7
2019-02-06,15,30,15,0.0,34,1013,10
2019-02-06,18,29,15,0.0,37,1011,8
2019-02-06,21,25,12,0.0,52,1012,3
2019-02-07,00,24,12,0.0,63,1011,0
2019-02-07,03,22,12,0.0,65,1011,0
2019-02-07,06,21,11,0.0,71,1011,0
2019-02-07,09,26,12,0.0,58,1012,0
2019-02-07,12,31,12,0.0,44,1010,1
2019-02-07,15,33,13,0.0,30,1008,3
2019-02-07,18,32,15,0.0,36,1007,6
2019-02-07,21,27,12,0.0,53,1007,3
2019-02-08,00,25,9,0.0,67,1008,2
2019-02-08,03,24,4,0.0,68,1009,5
2019-02-08,06,23,8,0.0,70,1009,6
2019-02-08,09,27,12,0.0,52,1010,5
2019-02-08,12,33,12,0.0,40,1008,14
2019-02-08,15,35,12,0.0,27,1007,22
2019-02-08,18,32,9,0.0,37,1006,45
2019-02-08,21,28,16,0.0,50,1007,48
2019-02-09,00,26,14,0.0,68,1009,18
2019-02-09,03,25,10,0.0,76,1009,19
2019-02-09,06,23,12,0.0,79,1008,20
2019-02-09,09,27,7,0.0,67,1010,22
2019-02-09,12,30,14,0.0,46,1008,15
2019-02-09,15,33,14,0.0,24,1007,8
2019-02-09,18,35,16,0.0,19,1006,1
2019-02-09,21,30,5,0.0,27,1006,3
2019-02-10,00,26,7,0.0,29,1007,6
2019-02-10,03,24,8,0.0,40,1006,7
2019-02-10,06,23,9,0.0,48,1006,5
2019-02-10,09,29,8,0.0,41,1006,6
2019-02-10,12,33,9,0.0,34,1004,31
2019-02-10,15,35,10,0.0,27,1002,56
2019-02-10,18,33,12,1.5,32,1001,81
2019-02-10,21,30,10,0.0,41,1001,11
2019-02-11,00,26,9,0.0,50,1002,8
2019-02-11,03,24,9,0.0,72,1004,28
2019-02-11,06,23,13,0.0,77,1005,50
2019-02-11,09,20,21,0.2,79,1010,76
2019-02-11,12,24,23,0.0,60,1010,32
2019-02-11,15,27,24,0.0,42,1011,21
2019-02-11,18,25,25,0.0,35,1014,25
2019-02-11,21,21,23,0.0,44,1018,28
2019-02-12,00,18,19,0.0,47,1021,11
2019-02-12,03,16,20,0.0,54,1023,0
2019-02-12,06,14,17,0.0,60,1025,0
2019-02-12,09,17,17,0.0,47,1027,0
2019-02-12,12,21,16,0.0,36,1026,2
2019-02-12,15,23,15,0.0,26,1025,4
2019-02-12,18,23,10,0.0,27,1024,4
2019-02-12,21,21,9,0.0,37,1024,0
2019-02-13,00,18,5,0.0,46,1023,0
2019-02-13,03,16,9,0.0,61,1023,0
2019-02-13,06,16,8,0.0,67,1022,0
2019-02-13,09,20,10,0.0,51,1022,0
2019-02-13,12,23,12,0.0,36,1020,0
2019-02-13,15,26,13,0.0,21,1018,0
2019-02-13,18,26,11,0.0,24,1017,6
2019-02-13,21,22,12,0.1,40,1017,74
2019-02-14,00,19,9,0.0,52,1018,10
2019-02-14,03,19,9,0.2,58,1017,85
2019-02-14,06,19,9,0.4,72,1017,61
2019-02-14,09,19,7,0.5,70,1018,73
2019-02-14,12,22,6,0.0,53,1017,39
2019-02-14,15,26,5,0.0,36,1015,30
2019-02-14,18,25,12,0.0,41,1015,24
2019-02-14,21,22,12,0.0,66,1016,20
2019-02-15,00,19,6,0.0,76,1016,9
2019-02-15,03,18,3,0.0,81,1017,6
2019-02-15,06,17,3,0.0,84,1016,3
2019-02-15,09,23,6,0.0,62,1017,2
2019-02-15,12,27,8,0.0,45,1016,3
2019-02-15,15,30,7,0.0,27,1015,4
2019-02-15,18,30,8,0.0,31,1014,4
2019-02-15,21,25,10,0.0,48,1015,0
2019-02-16,00,23,7,0.0,57,1016,0
2019-02-16,03,20,4,0.0,65,1016,0
2019-02-16,06,19,5,0.0,70,1017,0
2019-02-16,09,24,6,0.0,54,1018,0
2019-02-16,12,29,10,0.0,39,1016,0
2019-02-16,15,32,14,0.0,24,1015,0
2019-02-16,18,31,12,0.0,29,1014,0
2019-02-16,21,25,10,0.0,49,1015,0
2019-02-17,00,23,9,0.0,65,1016,0
2019-02-17,03,22,8,0.0,73,1016,0
2019-02-17,06,21,8,0.0,77,1015,0
2019-02-17,09,25,10,0.0,62,1016,0
2019-02-17,12,31,12,0.0,46,1014,1
2019-02-17,15,33,14,0.0,31,1012,2
2019-02-17,18,31,15,0.0,38,1011,3
2019-02-17,21,26,13,0.0,57,1012,3
2019-02-18,00,25,14,0.0,64,1012,0
2019-02-18,03,24,13,0.0,68,1012,0
2019-02-18,06,22,12,0.0,79,1011,0
2019-02-18,09,26,12,0.0,63,1011,0
2019-02-18,12,31,11,0.0,46,1009,6
2019-02-18,15,34,10,0.0,29,1008,11
2019-02-18,18,34,12,0.0,30,1006,9
2019-02-18,21,29,16,0.0,49,1007,6
2019-02-19,00,26,13,0.0,61,1008,6
2019-02-19,03,25,14,0.0,66,1007,4
2019-02-19,06,24,12,0.0,68,1007,7
2019-02-19,09,29,14,0.0,51,1008,4
2019-02-19,12,34,12,0.0,36,1006,16
2019-02-19,15,37,11,0.0,21,1005,28
2019-02-19,18,35,10,0.0,28,1004,44
2019-02-19,21,31,6,0.0,39,1005,27
2019-02-20,00,28,15,0.0,52,1007,15
2019-02-20,03,26,12,0.0,51,1007,21
2019-02-20,06,25,5,0.0,49,1008,11
2019-02-20,09,30,5,0.0,33,1009,2
2019-02-20,12,36,13,0.0,26,1007,11
2019-02-20,15,38,14,0.0,19,1006,20
2019-02-20,18,37,8,0.0,20,1005,14
2019-02-20,21,31,12,0.0,34,1006,12
2019-02-21,00,29,18,0.0,44,1007,4
2019-02-21,03,28,13,0.0,47,1008,5
2019-02-21,06,26,10,0.0,53,1010,6
2019-02-21,09,30,12,0.0,46,1012,6
2019-02-21,12,35,16,0.0,35,1011,8
2019-02-21,15,38,20,0.0,24,1009,10
2019-02-21,18,36,19,0.0,27,1009,10
2019-02-21,21,31,16,0.0,40,1009,5
2019-02-22,00,30,14,0.0,51,1011,5
2019-02-22,03,28,16,0.0,48,1010,5
2019-02-22,06,28,13,0.0,52,1010,74
2019-02-22,09,29,15,0.0,44,1011,5
2019-02-22,12,33,12,0.0,43,1009,16
2019-02-22,15,35,10,0.0,42,1008,28
2019-02-22,18,32,9,0.0,45,1007,35
2019-02-22,21,29,16,0.6,67,1008,75
2019-02-23,00,25,15,4.2,88,1009,84
2019-02-23,03,24,12,1.0,88,1009,62
2019-02-23,06,25,10,0.0,89,1007,66
2019-02-23,09,24,6,0.0,86,1008,63
2019-02-23,12,26,6,0.6,82,1006,51
2019-02-23,15,25,6,3.8,79,1005,81
2019-02-23,18,25,6,0.1,83,1003,54
2019-02-23,21,24,7,0.0,84,1004,44
2019-02-24,00,24,4,0.0,88,1004,17
2019-02-24,03,22,10,0.0,88,1005,18
2019-02-24,06,19,17,0.0,79,1005,3
2019-02-24,09,20,18,0.0,63,1007,0
2019-02-24,12,23,14,0.0,51,1007,10
2019-02-24,15,26,10,0.0,39,1008,19
2019-02-24,18,25,10,0.0,39,1007,38
2019-02-24,21,21,11,0.0,44,1009,28
2019-02-25,00,19,20,0.0,37,1011,31
2019-02-25,03,17,14,0.0,41,1012,26
2019-02-25,06,14,15,0.0,49,1013,13
2019-02-25,09,17,13,0.0,46,1015,18
2019-02-25,12,21,14,0.0,39,1015,32
2019-02-25,15,24,14,0.0,32,1014,46
2019-02-25,18,23,16,0.0,32,1013,14
2019-02-25,21,20,14,0.0,35,1015,10
2019-02-26,00,17,12,0.0,38,1016,7
2019-02-26,03,15,12,0.0,38,1017,1
2019-02-26,06,13,8,0.0,45,1018,0
2019-02-26,09,16,10,0.0,42,1020,0
2019-02-26,12,20,12,0.0,30,1018,1
2019-02-26,15,23,15,0.0,18,1017,2
2019-02-26,18,23,12,0.0,20,1016,2
2019-02-26,21,19,1,0.0,26,1016,0
2019-02-27,00,16,8,0.0,28,1017,3
2019-02-27,03,15,12,0.0,33,1017,9
2019-02-27,06,14,14,0.0,33,1016,10
2019-02-27,09,18,18,0.0,29,1017,13
2019-02-27,12,23,19,0.0,25,1015,16
2019-02-27,15,29,20,0.0,20,1013,20
2019-02-27,18,27,14,0.0,24,1012,25
2019-02-27,21,22,11,0.0,30,1013,27
2019-02-28,00,19,9,0.5,42,1015,89
2019-02-28,03,18,13,0.0,60,1016,4
2019-02-28,06,16,10,0.0,69,1016,2
2019-02-28,09,18,8,0.0,56,1017,0
2019-02-28,12,23,7,0.0,38,1015,3
2019-02-28,15,27,6,0.0,21,1014,6
2019-02-28,18,27,5,0.0,25,1013,6
2019-02-28,21,22,10,0.0,38,1013,0
2019-03-01,00,20,11,0.0,52,1014,0
2019-03-01,03,19,12,0.0,56,1013,8
2019-03-01,06,18,14,0.0,57,1012,7
2019-03-01,09,22,16,0.0,53,1012,6
2019-03-01,12,28,19,0.0,39,1009,6
2019-03-01,15,32,22,0.0,25,1006,5
2019-03-01,18,31,21,0.0,27,1005,5
2019-03-01,21,26,18,0.0,41,1006,20
2019-03-02,00,24,13,0.0,48,1009,31
2019-03-02,03,21,14,0.0,47,1010,6
2019-03-02,06,18,13,0.0,55,1012,0
2019-03-02,09,20,14,0.0,55,1015,0
2019-03-02,12,25,12,0.0,41,1015,0
2019-03-02,15,28,10,0.0,28,1014,0
2019-03-02,18,27,10,0.0,30,1013,5
2019-03-02,21,23,7,0.0,42,1015,2
2019-03-03,00,20,7,0.0,54,1016,3
2019-03-03,03,19,8,0.0,65,1016,19
2019-03-03,06,17,9,0.0,72,1016,10
2019-03-03,09,22,13,0.0,58,1016,0
2019-03-03,12,26,14,0.0,44,1014,1
2019-03-03,15,29,15,0.0,30,1012,2
2019-03-03,18,27,17,0.0,34,1011,5
2019-03-03,21,24,18,0.0,53,1010,9
2019-03-04,00,24,19,0.0,53,1009,22
2019-03-04,03,22,8,0.3,74,1009,61
2019-03-04,06,20,10,5.7,87,1009,100
2019-03-04,09,21,12,4.9,88,1010,75
2019-03-04,12,24,15,0.2,76,1010,74
2019-03-04,15,25,14,0.0,65,1009,33
2019-03-04,18,27,10,0.0,66,1009,39
2019-03-04,21,24,4,0.0,83,1011,19
2019-03-05,00,22,3,0.0,83,1012,2
2019-03-05,03,22,3,0.0,85,1013,0
2019-03-05,06,21,5,0.0,88,1015,2
2019-03-05,09,24,4,0.0,73,1016,0
2019-03-05,12,28,6,0.0,54,1015,1
2019-03-05,15,30,9,0.0,35,1014,2
2019-03-05,18,30,13,0.0,40,1013,0
2019-03-05,21,25,12,0.0,58,1014,0
2019-03-06,00,23,8,0.0,75,1014,0
2019-03-06,03,22,9,0.0,82,1014,1
2019-03-06,06,20,8,0.0,84,1014,8
2019-03-06,09,25,12,0.0,67,1014,13
2019-03-06,12,29,14,0.0,52,1011,18
2019-03-06,15,32,16,0.0,36,1009,23
2019-03-06,18,32,11,0.0,41,1007,23
2019-03-06,21,27,6,0.0,56,1009,17
2019-03-07,00,27,12,0.0,63,1008,7
2019-03-07,03,25,11,0.0,68,1008,11
2019-03-07,06,24,10,0.0,72,1007,8
2019-03-07,09,27,12,0.0,63,1008,7
2019-03-07,12,31,11,0.1,53,1007,84
2019-03-07,15,31,10,0.9,43,1006,51
2019-03-07,18,29,12,0.0,55,1006,67
2019-03-07,21,25,10,0.5,74,1007,87
2019-03-08,00,23,16,3.8,78,1009,85
2019-03-08,03,20,26,0.7,63,1012,81
2019-03-08,06,19,24,0.0,61,1014,4
2019-03-08,09,19,23,0.0,61,1017,12
2019-03-08,12,21,22,0.0,49,1019,10
2019-03-08,15,22,21,0.0,38,1020,8
2019-03-08,18,21,23,0.0,41,1021,4
2019-03-08,21,18,23,0.0,51,1024,1
2019-03-09,00,15,19,0.0,59,1026,3
2019-03-09,03,13,16,0.0,66,1027,19
2019-03-09,06,12,16,0.0,71,1027,4
2019-03-09,09,15,16,0.0,64,1028,13
2019-03-09,12,19,15,0.0,54,1027,14
2019-03-09,15,23,15,0.0,44,1026,15
2019-03-09,18,22,16,0.0,50,1025,2
2019-03-09,21,18,15,0.0,66,1026,11
2019-03-10,00,17,12,0.0,71,1027,25
2019-03-10,03,16,9,0.0,74,1027,51
2019-03-10,06,16,6,0.0,73,1027,63
2019-03-10,09,19,8,0.0,63,1027,49
2019-03-10,12,22,12,0.0,53,1025,24
2019-03-10,15,24,15,0.0,42,1024,0
2019-03-10,18,23,15,0.0,48,1022,0
2019-03-10,21,19,14,0.0,68,1022,0
2019-03-11,00,18,12,0.0,74,1023,0
2019-03-11,03,19,12,0.0,76,1022,0
2019-03-11,06,17,11,0.0,76,1022,33
2019-03-11,09,20,12,0.0,63,1022,12
2019-03-11,12,23,13,0.0,51,1019,8
2019-03-11,15,25,14,0.0,39,1017,4
2019-03-11,18,24,11,0.0,49,1016,38
2019-03-11,21,21,14,0.0,62,1016,49
2019-03-12,00,20,9,0.5,78,1016,75
2019-03-12,03,20,6,0.0,86,1015,100
2019-03-12,06,20,9,0.3,88,1013,53
2019-03-12,09,19,11,0.5,89,1014,100
2019-03-12,12,21,15,1.7,82,1012,81
2019-03-12,15,22,13,0.3,74,1011,62
2019-03-12,18,22,18,0.2,77,1010,77
2019-03-12,21,19,13,0.0,87,1011,52
2019-03-13,00,18,12,0.0,91,1012,67
2019-03-13,03,17,12,1.3,92,1012,52
2019-03-13,06,16,12,0.0,93,1012,54
2019-03-13,09,18,14,0.0,83,1013,18
2019-03-13,12,22,15,0.0,66,1013,21
2019-03-13,15,24,17,0.0,49,1012,25
2019-03-13,18,23,15,0.0,56,1012,16
2019-03-13,21,20,15,0.0,75,1013,9
2019-03-14,00,18,11,0.0,86,1014,4
2019-03-14,03,16,8,0.0,89,1014,12
2019-03-14,06,15,8,0.0,91,1014,24
2019-03-14,09,18,8,0.0,80,1016,10
2019-03-14,12,24,10,0.0,61,1015,5
2019-03-14,15,27,11,0.0,42,1014,0
2019-03-14,18,27,13,0.0,50,1014,0
2019-03-14,21,22,15,0.0,71,1015,1
2019-03-15,00,19,9,0.0,85,1016,16
2019-03-15,03,18,8,0.0,90,1016,51
2019-03-15,06,19,8,0.0,92,1017,62
2019-03-15,09,22,11,0.0,79,1018,79
2019-03-15,12,25,18,0.2,69,1017,56
2019-03-15,15,26,18,0.1,58,1016,75
2019-03-15,18,25,19,0.1,65,1016,85
2019-03-15,21,22,18,0.0,78,1016,61
2019-03-16,00,22,16,0.1,83,1017,59
2019-03-16,03,21,13,0.0,88,1016,48
2019-03-16,06,20,11,0.0,92,1016,41
2019-03-16,09,23,12,0.1,84,1017,71
2019-03-16,12,25,13,0.0,69,1016,24
2019-03-16,15,27,15,0.0,53,1014,31
2019-03-16,18,24,8,0.7,73,1014,63
2019-03-16,21,22,13,0.2,83,1015,77
2019-03-17,00,22,7,0.0,84,1015,19
2019-03-17,03,21,9,0.0,90,1014,42
2019-03-17,06,21,4,1.1,91,1012,78
2019-03-17,09,22,10,0.7,85,1012,91
2019-03-17,12,24,9,1.7,79,1011,77
2019-03-17,15,24,9,0.1,72,1009,62
2019-03-17,18,26,7,0.1,71,1008,52
2019-03-17,21,23,4,0.0,81,1009,47
2019-03-18,00,21,4,0.0,85,1009,17
2019-03-18,03,20,5,0.0,87,1008,6
2019-03-18,06,19,5,0.0,90,1008,9
2019-03-18,09,23,12,0.0,80,1009,5
2019-03-18,12,26,13,0.0,61,1009,5
2019-03-18,15,29,14,0.0,41,1008,4
2019-03-18,18,29,11,0.0,48,1008,0
2019-03-18,21,24,5,0.0,59,1010,0
2019-03-19,00,22,18,0.0,65,1011,0
2019-03-19,03,18,18,0.0,65,1013,0
2019-03-19,06,17,16,0.0,65,1014,7
2019-03-19,09,18,17,0.0,60,1017,46
2019-03-19,12,18,17,0.0,67,1018,52
2019-03-19,15,17,18,0.0,74,1019,57
2019-03-19,18,17,10,0.0,72,1018,3
2019-03-19,21,16,9,0.0,70,1020,12
2019-03-20,00,16,8,0.0,71,1022,21
2019-03-20,03,13,10,0.0,76,1023,6
2019-03-20,06,12,8,0.0,76,1023,6
2019-03-20,09,15,12,0.0,67,1024,6
2019-03-20,12,18,14,0.0,52,1023,4
2019-03-20,15,21,17,0.0,37,1022,2
2019-03-20,18,19,14,0.0,48,1022,0
2019-03-20,21,16,10,0.0,58,1023,0
2019-03-21,00,14,9,0.0,65,1024,0
2019-03-21,03,13,8,0.0,69,1024,0
2019-03-21,06,12,7,0.0,72,1024,0
2019-03-21,09,15,7,0.0,60,1024,0
2019-03-21,12,19,6,0.0,48,1022,1
2019-03-21,15,21,5,0.0,37,1021,3
2019-03-21,18,20,10,0.0,48,1020,5
2019-03-21,21,17,12,0.0,56,1020,10
2019-03-22,00,15,9,0.0,64,1021,19
2019-03-22,03,15,5,0.0,72,1020,5
2019-03-22,06,15,7,0.0,74,1020,17
2019-03-22,09,18,8,0.0,65,1021,7
2019-03-22,12,21,6,0.1,51,1020,87
2019-03-22,15,23,4,0.0,37,1018,20
2019-03-22,18,23,4,0.0,46,1017,7
2019-03-22,21,18,9,0.0,53,1018,9
2019-03-23,00,17,8,0.0,60,1018,6
2019-03-23,03,15,8,0.0,66,1018,7
2019-03-23,06,14,8,0.0,71,1018,7
2019-03-23,09,19,10,0.0,61,1018,7
2019-03-23,12,23,11,0.0,48,1016,21
2019-03-23,15,26,12,0.0,34,1014,35
2019-03-23,18,25,11,0.0,43,1012,6
2019-03-23,21,20,13,0.0,52,1012,4
2019-03-24,00,19,17,0.0,58,1012,5
2019-03-24,03,19,17,0.0,60,1013,14
2019-03-24,06,17,16,0.0,68,1014,3
2019-03-24,09,17,19,0.0,56,1016,1
2019-03-24,12,20,21,0.0,50,1016,10
2019-03-24,15,22,22,0.0,43,1016,19
2019-03-24,18,21,18,0.0,49,1017,12
2019-03-24,21,16,18,0.0,60,1018,7
2019-03-25,00,14,16,0.0,69,1019,29
2019-03-25,03,12,13,0.0,80,1019,13
2019-03-25,06,11,12,0.0,86,1019,15
2019-03-25,09,14,14,0.0,70,1021,11
2019-03-25,12,17,14,0.0,56,1020,9
2019-03-25,15,19,13,0.0,42,1020,8
2019-03-25,18,19,14,0.0,52,1020,23
2019-03-25,21,15,15,0.0,70,1022,17
2019-03-26,00,14,12,0.0,77,1023,14
2019-03-26,03,12,12,0.0,80,1023,23
2019-03-26,06,11,11,0.0,87,1024,12
2019-03-26,09,14,12,0.0,75,1025,9
2019-03-26,12,18,11,0.0,65,1024,37
2019-03-26,15,21,10,0.0,56,1024,66
2019-03-26,18,20,12,0.0,60,1024,28
2019-03-26,21,17,14,0.0,72,1026,27
2019-03-27,00,16,10,0.0,72,1027,2
2019-03-27,03,15,8,0.0,77,1027,13
2019-03-27,06,13,6,0.0,80,1027,15
2019-03-27,09,16,7,0.0,68,1028,12
2019-03-27,12,21,11,0.0,56,1027,6
2019-03-27,15,23,14,0.0,43,1026,0
2019-03-27,18,22,14,0.0,52,1025,0
2019-03-27,21,19,12,0.0,65,1026,0
2019-03-28,00,18,10,0.0,72,1027,0
2019-03-28,03,16,14,0.0,76,1027,0
2019-03-28,06,15,12,0.0,81,1026,0
2019-03-28,09,19,14,0.0,71,1027,0
2019-03-28,12,23,14,0.0,56,1026,0
2019-03-28,15,26,14,0.0,42,1024,0
2019-03-28,18,24,10,0.0,49,1023,3
2019-03-28,21,20,15,0.0,58,1024,4
2019-03-29,00,20,10,0.3,74,1024,84
2019-03-29,03,19,13,0.0,82,1023,25
2019-03-29,06,19,11,0.0,88,1022,80
2019-03-29,09,20,11,0.0,86,1022,86
2019-03-29,12,24,11,0.0,68,1019,48
2019-03-29,15,27,11,0.0,51,1017,9
2019-03-29,18,26,13,0.0,58,1015,17
2019-03-29,21,22,10,0.0,73,1016,32
2019-03-30,00,21,10,0.0,81,1016,30
2019-03-30,03,21,9,0.0,84,1016,31
2019-03-30,06,20,7,0.0,85,1015,27
2019-03-30,09,23,5,0.0,72,1016,27
2019-03-30,12,28,6,0.0,58,1015,63
2019-03-30,15,31,7,0.0,45,1015,99
2019-03-30,18,29,9,0.0,51,1014,16
2019-03-30,21,24,9,0.0,66,1015,33
2019-03-31,00,22,6,0.0,75,1016,35
2019-03-31,03,21,5,0.0,83,1016,33
2019-03-31,06,21,4,0.0,87,1015,0
2019-03-31,09,24,6,0.0,73,1016,0
2019-03-31,12,28,11,0.0,56,1015,3
2019-03-31,15,30,16,0.0,38,1014,7
2019-03-31,18,27,13,0.0,47,1014,34
2019-03-31,21,23,11,0.0,59,1015,78
2019-04-01,00,22,10,0.0,67,1016,3
2019-04-01,03,20,9,0.0,69,1015,25
2019-04-01,06,20,10,0.0,73,1015,32
2019-04-01,09,22,10,0.0,71,1016,18
2019-04-01,12,26,12,0.0,59,1015,49
2019-04-01,15,28,14,0.0,46,1014,79
2019-04-01,18,27,12,0.0,55,1012,5
2019-04-01,21,23,13,0.0,67,1013,9
2019-04-02,00,22,10,0.0,75,1013,7
2019-04-02,03,23,7,0.0,87,1013,13
2019-04-02,06,21,7,0.0,92,1012,27
2019-04-02,09,24,8,0.0,82,1013,21
2019-04-02,12,27,10,0.1,65,1011,89
2019-04-02,15,31,12,0.2,49,1009,63
2019-04-02,18,31,6,0.0,51,1008,37
2019-04-02,21,27,4,0.0,61,1010,16
2019-04-03,00,21,22,0.0,75,1012,43
2019-04-03,03,19,17,0.0,70,1013,33
2019-04-03,06,17,13,0.0,71,1013,30
2019-04-03,09,18,13,0.0,66,1014,8
2019-04-03,12,23,10,0.0,53,1012,4
2019-04-03,15,27,8,0.0,39,1010,0
2019-04-03,18,25,11,0.0,51,1008,0
2019-04-03,21,20,12,0.0,72,1008,0
2019-04-04,00,19,12,0.0,78,1006,6
2019-04-04,03,20,10,0.0,79,1005,5
2019-04-04,06,19,9,0.0,88,1002,27
2019-04-04,09,21,14,0.0,88,1003,44
2019-04-04,12,24,19,3.1,76,1003,61
2019-04-04,15,23,20,0.0,65,1003,79
2019-04-04,18,22,22,0.0,50,1005,38
2019-04-04,21,19,18,0.0,59,1009,9
2019-04-05,00,17,21,0.0,64,1011,13
2019-04-05,03,15,20,0.0,68,1014,0
2019-04-05,06,14,17,0.0,75,1015,0
2019-04-05,09,16,18,0.0,64,1019,0
2019-04-05,12,19,16,0.0,49,1019,0
2019-04-05,15,22,14,0.0,34,1020,0
2019-04-05,18,21,13,0.0,42,1019,0
2019-04-05,21,17,8,0.0,51,1021,0
2019-04-06,00,16,5,0.0,56,1022,0
2019-04-06,03,15,5,0.0,63,1022,0
2019-04-06,06,14,3,0.0,71,1022,1
2019-04-06,09,16,6,0.0,63,1023,18
2019-04-06,12,21,5,0.0,46,1021,15
2019-04-06,15,24,4,0.0,29,1020,12
2019-04-06,18,23,5,0.0,38,1018,3
2019-04-06,21,18,9,0.0,47,1019,0
2019-04-07,00,16,9,0.0,54,1020,0
2019-04-07,03,15,7,0.0,57,1020,0
2019-04-07,06,12,6,0.0,59,1020,11
2019-04-07,09,16,8,0.0,51,1021,5
2019-04-07,12,23,8,0.0,38,1020,2
2019-04-07,15,27,8,0.0,25,1019,0
2019-04-07,18,26,5,0.0,33,1018,0
2019-04-07,21,20,8,0.0,41,1019,0
2019-04-08,00,18,9,0.0,48,1019,0
2019-04-08,03,16,8,0.0,51,1019,0
2019-04-08,06,15,8,0.0,53,1019,0
2019-04-08,09,18,7,0.0,46,1021,0
2019-04-08,12,26,7,0.0,36,1019,0
2019-04-08,15,29,7,0.0,25,1018,0
2019-04-08,18,26,10,0.0,34,1018,0
2019-04-08,21,21,9,0.0,44,1019,0
2019-04-09,00,20,8,0.0,55,1019,0
2019-04-09,03,18,8,0.0,63,1019,0
2019-04-09,06,17,6,0.0,69,1018,0
2019-04-09,09,19,9,0.0,61,1019,0
2019-04-09,12,25,11,0.0,46,1017,0
2019-04-09,15,28,13,0.0,32,1015,0
2019-04-09,18,27,12,0.0,41,1014,0
2019-04-09,21,22,8,0.0,57,1015,0
2019-04-10,00,20,12,0.0,66,1015,0
2019-04-10,03,19,12,0.0,74,1015,0
2019-04-10,06,18,10,0.0,84,1015,0
2019-04-10,09,20,10,0.0,75,1016,33
2019-04-10,12,24,9,0.0,57,1014,41
2019-04-10,15,29,8,0.0,39,1013,48
2019-04-10,18,25,6,0.0,49,1012,45
2019-04-10,21,22,8,0.1,60,1013,86
2019-04-11,00,19,10,0.0,85,1014,70
2019-04-11,03,17,16,1.6,87,1014,71
2019-04-11,06,15,18,0.2,89,1015,94
2019-04-11,09,16,18,0.0,85,1017,98
2019-04-11,12,17,15,0.0,67,1018,51
2019-04-11,15,21,11,0.0,49,1018,4
2019-04-11,18,21,10,0.0,50,1018,0
2019-04-11,21,18,8,0.0,60,1018,0
2019-04-12,00,17,3,0.0,67,1019,0
2019-04-12,03,15,4,0.0,72,1019,0
2019-04-12,06,14,2,0.0,75,1019,0
2019-04-12,09,17,1,0.0,62,1019,0
2019-04-12,12,20,5,0.0,46,1017,0
2019-04-12,15,23,8,0.0,30,1015,0
2019-04-12,18,21,9,0.0,39,1013,0
2019-04-12,21,17,13,0.0,52,1014,0
2019-04-13,00,16,11,0.0,62,1014,0
2019-04-13,03,15,11,0.0,70,1014,0
2019-04-13,06,14,10,0.0,75,1013,0
2019-04-13,09,17,11,0.0,67,1014,0
2019-04-13,12,22,10,0.0,49,1013,3
2019-04-13,15,27,9,0.0,31,1011,6
2019-04-13,18,24,11,0.0,39,1010,47
2019-04-13,21,20,9,0.0,51,1012,87
2019-04-14,00,18,9,0.0,60,1012,7
2019-04-14,03,18,10,0.0,63,1012,22
2019-04-14,06,18,9,0.0,64,1012,48
2019-04-14,09,18,7,0.2,79,1014,83
2019-04-14,12,23,9,0.0,62,1013,22
2019-04-14,15,27,12,0.0,45,1013,4
2019-04-14,18,26,10,0.0,53,1013,1
2019-04-14,21,21,8,0.0,62,1016,33
2019-04-15,00,19,12,0.0,55,1018,87
2019-04-15,03,18,14,0.0,65,1019,15
2019-04-15,06,16,15,0.0,79,1020,48
2019-04-15,09,17,16,0.2,73,1023,67
2019-04-15,12,17,16,1.6,59,1023,87
2019-04-15,15,18,16,0.0,44,1023,31
2019-04-15,18,19,15,0.0,52,1023,28
2019-04-15,21,16,14,0.0,62,1025,18
2019-04-16,00,15,11,0.0,70,1024,0
2019-04-16,03,14,10,0.0,74,1024,0
2019-04-16,06,13,8,0.0,78,1023,0
2019-04-16,09,16,8,0.0,68,1023,2
2019-04-16,12,21,11,0.0,53,1021,3
2019-04-16,15,23,13,0.0,38,1019,4
2019-04-16,18,22,10,0.0,45,1018,4
2019-04-16,21,17,10,0.0,58,1018,4
2019-04-17,00,17,11,0.0,68,1018,15
2019-04-17,03,16,10,0.0,79,1018,8
2019-04-17,06,15,10,0.0,86,1017,2
2019-04-17,09,17,11,0.0,78,1018,1
2019-04-17,12,23,10,0.0,59,1016,1
2019-04-17,15,26,9,0.0,41,1014,0
2019-04-17,18,25,6,0.0,50,1013,0
2019-04-17,21,20,9,0.0,66,1014,1
2019-04-18,00,18,11,0.0,76,1014,4
2019-04-18,03,16,11,0.0,82,1014,3
2019-04-18,06,16,10,0.0,85,1013,5
2019-04-18,09,17,10,0.0,75,1014,7
2019-04-18,12,23,9,0.0,58,1013,7
2019-04-18,15,27,8,0.0,41,1011,8
2019-04-18,18,24,7,0.0,49,1010,9
2019-04-18,21,20,12,0.0,59,1011,4
2019-04-19,00,18,11,0.0,65,1011,78
2019-04-19,03,18,10,0.0,71,1011,7
2019-04-19,06,18,10,0.0,76,1011,10
2019-04-19,09,20,10,0.0,67,1011,36
2019-04-19,12,25,12,0.0,54,1010,20
2019-04-19,15,29,13,0.0,41,1009,4
2019-04-19,18,29,8,0.0,49,1008,1
2019-04-19,21,23,6,0.0,57,1009,11
2019-04-20,00,21,7,0.0,61,1011,18
2019-04-20,03,19,13,0.0,49,1012,21
2019-04-20,06,16,13,0.0,69,1013,3
2019-04-20,09,17,14,0.0,60,1016,2
2019-04-20,12,21,13,0.0,47,1015,1
2019-04-20,15,24,12,0.0,34,1015,0
2019-04-20,18,22,9,0.0,44,1014,0
2019-04-20,21,18,11,0.0,55,1016,0
2019-04-21,00,17,4,0.0,62,1017,0
2019-04-21,03,15,5,0.0,68,1017,0
2019-04-21,06,12,7,0.0,68,1017,10
2019-04-21,09,15,8,0.0,61,1018,2
2019-04-21,12,20,9,0.0,46,1018,1
2019-04-21,15,23,9,0.0,31,1017,0
2019-04-21,18,21,8,0.0,40,1017,5
2019-04-21,21,17,3,0.0,48,1018,14
2019-04-22,00,14,6,0.0,53,1019,32
2019-04-22,03,12,8,0.0,62,1019,81
2019-04-22,06,12,8,0.0,71,1020,93
2019-04-22,09,14,9,0.0,60,1021,81
2019-04-22,12,18,9,0.0,47,1020,62
2019-04-22,15,22,9,0.0,34,1020,43
2019-04-22,18,20,10,0.0,43,1020,9
2019-04-22,21,16,10,0.0,54,1021,4
2019-04-23,00,14,7,0.0,69,1022,5
2019-04-23,03,14,8,0.0,77,1023,22
2019-04-23,06,12,7,0.0,80,1023,12
2019-04-23,09,15,8,0.0,68,1024,22
2019-04-23,12,18,10,0.0,55,1023,16
2019-04-23,15,21,11,0.0,42,1022,9
2019-04-23,18,19,10,0.0,52,1021,8
2019-04-23,21,15,9,0.0,66,1023,5
2019-04-24,00,14,8,0.0,74,1023,12
2019-04-24,03,13,7,0.0,83,1024,24
2019-04-24,06,14,7,0.0,89,1024,30
2019-04-24,09,16,8,0.0,81,1024,40
2019-04-24,12,19,12,0.0,68,1023,44
2019-04-24,15,22,15,0.0,55,1022,49
2019-04-24,18,20,14,0.0,64,1022,47
2019-04-24,21,19,15,0.0,72,1023,52
2019-04-25,00,18,15,0.0,74,1024,46
2019-04-25,03,18,18,3.1,70,1023,72
2019-04-25,06,16,14,0.0,76,1023,5
2019-04-25,09,18,17,0.0,67,1024,16
2019-04-25,12,20,23,0.0,61,1023,57
2019-04-25,15,22,21,0.0,55,1022,98
2019-04-25,18,20,19,0.5,72,1021,100
2019-04-25,21,20,16,0.0,75,1022,95
2019-04-26,00,18,19,0.8,79,1022,83
2019-04-26,03,17,17,1.1,85,1021,100
2019-04-26,06,17,17,0.7,89,1019,100
2019-04-26,09,17,21,1.9,87,1020,100
2019-04-26,12,18,19,1.5,88,1018,100
2019-04-26,15,18,17,0.4,89,1016,100
2019-04-26,18,18,14,5.0,93,1014,100
2019-04-26,21,18,10,0.0,93,1014,100
2019-04-27,00,18,9,0.0,93,1013,100
2019-04-27,03,17,10,0.0,94,1013,96
2019-04-27,06,17,11,0.0,94,1012,91
2019-04-27,09,17,13,0.0,90,1013,92
2019-04-27,12,18,13,0.0,83,1013,93
2019-04-27,15,20,13,0.0,75,1013,93
2019-04-27,18,19,10,0.0,78,1012,76
2019-04-27,21,17,8,0.0,86,1013,25
2019-04-28,00,16,6,0.0,90,1013,31
2019-04-28,03,16,8,0.0,90,1013,12
2019-04-28,06,15,8,0.0,91,1013,15
2019-04-28,09,16,8,0.0,86,1014,18
2019-04-28,12,20,10,0.0,67,1013,10
2019-04-28,15,24,12,0.0,48,1012,2
2019-04-28,18,22,7,0.0,63,1011,0
2019-04-28,21,19,7,0.0,74,1012,0
2019-04-29,00,17,8,0.0,83,1012,0
2019-04-29,03,15,9,0.0,86,1012,4
2019-04-29,06,14,9,0.0,88,1012,3
2019-04-29,09,16,9,0.0,81,1013,7
2019-04-29,12,21,10,0.0,67,1013,5
2019-04-29,15,24,12,0.0,52,1012,3
2019-04-29,18,22,9,0.0,58,1013,4
2019-04-29,21,17,15,0.0,47,1016,12
2019-04-30,00,15,13,0.0,42,1018,9
2019-04-30,03,14,18,0.0,40,1020,10
2019-04-30,06,11,11,0.0,35,1021,39
2019-04-30,09,13,10,0.0,34,1022,48
2019-04-30,12,16,8,0.0,31,1021,40
2019-04-30,15,18,6,0.0,27,1021,33
2019-04-30,18,18,5,0.0,34,1019,0
2019-04-30,21,13,3,0.0,39,1020,3
2019-05-01,00,11,4,0.0,46,1020,13
2019-05-01,03,10,5,0.0,57,1020,13
2019-05-01,06,9,6,0.0,66,1020,4
2019-05-01,09,12,9,0.0,65,1020,4
2019-05-01,12,17,11,0.0,50,1018,5
2019-05-01,15,20,13,0.0,36,1015,6
2019-05-01,18,19,12,0.0,49,1013,15
2019-05-01,21,16,14,0.0,57,1012,13
2019-05-02,00,15,15,0.0,65,1011,6
2019-05-02,03,15,17,0.0,70,1010,9
2019-05-02,06,15,18,0.0,72,1008,15
2019-05-02,09,17,22,0.0,67,1008,19
2019-05-02,12,21,19,0.0,55,1007,19
2019-05-02,15,25,17,0.0,44,1006,20
2019-05-02,18,22,5,0.0,59,1006,23
2019-05-02,21,20,5,0.0,70,1007,10
2019-05-03,00,18,8,0.0,70,1007,11
2019-05-03,03,18,8,0.0,74,1007,17
2019-05-03,06,16,8,0.0,76,1008,31
2019-05-03,09,17,5,0.0,74,1010,22
2019-05-03,12,22,8,0.0,56,1010,15
2019-05-03,15,24,10,0.0,37,1011,9
2019-05-03,18,23,8,0.0,48,1011,10
2019-05-03,21,19,7,0.0,55,1013,5
2019-05-04,00,17,9,0.0,60,1014,4
2019-05-04,03,16,10,0.0,78,1015,4
2019-05-04,06,16,11,0.0,80,1015,8
2019-05-04,09,18,14,0.0,75,1016,26
2019-05-04,12,20,16,0.0,67,1014,35
2019-05-04,15,21,17,0.0,59,1013,45
2019-05-04,18,20,16,0.0,72,1012,71
2019-05-04,21,19,15,0.0,81,1013,96
2019-05-05,00,19,12,0.0,89,1014,100
2019-05-05,03,19,10,2.4,93,1013,100
2019-05-05,06,19,9,0.0,94,1012,76
2019-05-05,09,20,11,0.0,92,1013,77
2019-05-05,12,20,13,0.0,90,1013,88
2019-05-05,15,20,15,0.4,88,1014,98
2019-05-05,18,19,15,0.3,92,1013,97
2019-05-05,21,19,14,0.0,90,1016,66
2019-05-06,00,17,13,0.0,89,1017,27
2019-05-06,03,16,12,0.0,88,1019,8
2019-05-06,06,14,12,0.0,81,1020,0
2019-05-06,09,14,13,0.0,75,1022,0
2019-05-06,12,18,13,0.0,58,1022,8
2019-05-06,15,20,13,0.0,40,1022,16
2019-05-06,18,18,12,0.0,53,1022,16
2019-05-06,21,16,12,0.0,60,1022,3
2019-05-07,00,14,13,0.0,69,1024,4
2019-05-07,03,13,10,0.0,75,1023,4
2019-05-07,06,12,8,0.0,78,1023,8
2019-05-07,09,14,11,0.0,69,1023,28
2019-05-07,12,16,14,0.0,58,1022,27
2019-05-07,15,17,16,0.0,47,1021,26
2019-05-07,18,17,14,0.0,59,1020,8
2019-05-07,21,15,12,0.0,65,1021,80
2019-05-08,00,15,9,0.0,68,1022,55
2019-05-08,03,16,10,0.6,74,1022,76
2019-05-08,06,15,10,0.0,83,1021,49
2019-05-08,09,16,11,0.0,79,1021,26
2019-05-08,12,19,13,0.0,67,1020,17
2019-05-08,15,20,15,0.0,54,1018,7
2019-05-08,18,18,14,0.0,70,1017,6
2019-05-08,21,16,12,0.0,83,1018,24
2019-05-09,00,16,12,0.0,86,1018,29
2019-05-09,03,15,12,0.0,88,1017,28
2019-05-09,06,15,12,0.0,90,1015,47
2019-05-09,09,16,10,0.0,85,1014,61
2019-05-09,12,17,20,0.0,87,1012,80
2019-05-09,15,19,18,1.8,89,1009,100
2019-05-09,18,19,11,7.8,96,1005,100
2019-05-09,21,19,5,0.5,97,1005,100
2019-05-10,00,17,8,0.0,97,1005,85
2019-05-10,03,16,13,0.0,93,1006,90
2019-05-10,06,16,17,0.0,91,1006,93
2019-05-10,09,15,18,0.0,88,1009,92
2019-05-10,12,17,19,0.0,71,1009,46
2019-05-10,15,20,23,0.0,53,1009,0
2019-05-10,18,16,19,0.0,67,1010,20
2019-05-10,21,14,19,0.0,72,1011,11
2019-05-11,00,13,18,0.0,75,1012,10
2019-05-11,03,13,18,0.0,81,1013,19
2019-05-11,06,12,15,0.0,85,1014,10
2019-05-11,09,12,13,0.0,81,1016,6
2019-05-11,12,16,12,0.0,60,1016,3
2019-05-11,15,19,12,0.0,40,1016,0
2019-05-11,18,18,9,0.0,50,1016,0
2019-05-11,21,15,3,0.0,57,1018,0
2019-05-12,00,13,5,0.0,62,1019,0
2019-05-12,03,12,6,0.0,66,1019,0
2019-05-12,06,12,6,0.0,70,1019,0
2019-05-12,09,13,10,0.0,67,1020,0
2019-05-12,12,19,6,0.0,54,1020,0
2019-05-12,15,23,6,0.0,41,1019,0
2019-05-12,18,20,5,0.0,54,1018,0
2019-05-12,21,17,6,0.0,63,1020,0
2019-05-13,00,15,8,0.0,68,1020,0
2019-05-13,03,14,6,0.0,71,1021,0
2019-05-13,06,12,6,0.0,71,1021,2
2019-05-13,09,13,6,0.0,67,1023,4
2019-05-13,12,19,8,0.0,56,1023,4
2019-05-13,15,22,9,0.0,45,1023,5
2019-05-13,18,21,10,0.0,59,1025,3
2019-05-13,21,17,13,0.0,62,1026,0
2019-05-14,00,13,15,0.0,59,1028,0
2019-05-14,03,11,13,0.0,68,1029,0
2019-05-14,06,9,11,0.0,72,1030,0
2019-05-14,09,10,11,0.0,68,1031,0
2019-05-14,12,15,10,0.0,58,1030,0
2019-05-14,15,18,10,0.0,48,1028,0
2019-05-14,18,15,10,0.0,63,1028,0
2019-05-14,21,13,10,0.0,77,1028,3
2019-05-15,00,12,6,0.0,84,1029,9
2019-05-15,03,12,7,0.0,86,1028,4
2019-05-15,06,12,8,0.0,87,1028,0
2019-05-15,09,12,8,0.0,83,1028,3
2019-05-15,12,18,8,0.0,66,1027,2
2019-05-15,15,20,8,0.0,50,1026,0
2019-05-15,18,18,8,0.0,65,1026,0
2019-05-15,21,16,8,0.0,78,1026,0
2019-05-16,00,16,8,0.0,85,1026,0
2019-05-16,03,15,9,0.0,89,1026,3
2019-05-16,06,14,9,0.0,91,1025,16
2019-05-16,09,15,11,0.0,88,1026,30
2019-05-16,12,18,13,0.0,73,1024,34
2019-05-16,15,21,15,0.0,58,1022,39
2019-05-16,18,20,16,0.0,71,1021,22
2019-05-16,21,18,14,0.0,84,1022,17
2019-05-17,00,18,16,0.0,86,1021,15
2019-05-17,03,17,16,0.0,90,1021,34
2019-05-17,06,17,15,0.0,91,1019,32
2019-05-17,09,17,17,0.0,86,1020,28
2019-05-17,12,20,16,0.0,71,1018,18
2019-05-17,15,23,15,0.0,56,1016,7
2019-05-17,18,21,12,0.0,72,1015,44
2019-05-17,21,19,11,0.0,82,1016,84
2019-05-18,00,20,14,0.0,83,1017,74
2019-05-18,03,18,15,0.0,86,1017,46
2019-05-18,06,18,15,0.0,88,1016,31
2019-05-18,09,18,13,0.0,86,1017,28
2019-05-18,12,22,12,0.0,71,1015,21
2019-05-18,15,24,10,0.1,56,1014,70
2019-05-18,18,22,5,0.0,73,1014,34
2019-05-18,21,19,7,0.0,89,1016,27
2019-05-19,00,17,13,0.2,89,1017,75
2019-05-19,03,15,14,0.0,90,1017,35
2019-05-19,06,13,12,0.0,91,1017,33
2019-05-19,09,13,13,0.0,87,1018,26
2019-05-19,12,17,11,0.0,67,1018,14
2019-05-19,15,20,10,0.0,48,1018,1
2019-05-19,18,16,9,0.0,65,1017,11
2019-05-19,21,14,12,0.0,72,1019,83
2019-05-20,00,13,9,0.0,79,1019,100
2019-05-20,03,13,10,0.0,81,1019,100
2019-05-20,06,12,12,0.0,77,1019,14
2019-05-20,09,13,13,0.0,68,1020,24
2019-05-20,12,15,15,0.0,63,1018,35
2019-05-20,15,17,18,0.6,58,1017,74
2019-05-20,18,16,18,0.2,65,1016,91
2019-05-20,21,14,19,0.8,79,1017,100
2019-05-21,00,14,22,0.0,85,1018,99
2019-05-21,03,15,22,0.4,79,1018,80
2019-05-21,06,13,22,1.0,84,1019,100
2019-05-21,09,13,25,1.3,84,1021,91
2019-05-21,12,14,23,0.2,76,1021,92
2019-05-21,15,16,22,0.0,67,1021,93
2019-05-21,18,14,17,0.0,72,1021,88
2019-05-21,21,13,16,0.0,78,1023,70
2019-05-22,00,12,13,0.0,75,1023,51
2019-05-22,03,11,12,0.0,76,1023,39
2019-05-22,06,9,11,0.0,81,1023,38
2019-05-22,09,10,11,0.0,77,1024,26
2019-05-22,12,14,10,0.0,66,1023,29
2019-05-22,15,18,9,0.0,55,1022,32
2019-05-22,18,16,9,0.0,60,1021,5
2019-05-22,21,12,11,0.0,64,1022,3
2019-05-23,00,11,6,0.0,70,1022,2
2019-05-23,03,10,7,0.0,68,1022,2
2019-05-23,06,8,8,0.0,64,1021,0
2019-05-23,09,9,8,0.0,56,1022,0
2019-05-23,12,15,9,0.0,46,1021,0
2019-05-23,15,18,10,0.0,37,1020,0
2019-05-23,18,14,8,0.0,48,1019,7
2019-05-23,21,11,8,0.0,53,1019,4
2019-05-24,00,9,8,0.0,57,1019,15
2019-05-24,03,9,8,0.0,64,1018,13
2019-05-24,06,8,8,0.0,70,1017,6
2019-05-24,09,9,7,0.0,68,1018,5
2019-05-24,12,15,8,0.0,55,1016,4
2019-05-24,15,20,9,0.0,41,1015,3
2019-05-24,18,17,7,0.0,55,1014,2
2019-05-24,21,14,8,0.0,63,1016,21
2019-05-25,00,12,9,0.0,68,1015,12
2019-05-25,03,11,9,0.0,73,1015,22
2019-05-25,06,10,9,0.0,77,1015,7
2019-05-25,09,11,9,0.0,75,1016,6
2019-05-25,12,16,11,0.0,62,1015,9
2019-05-25,15,19,13,0.0,49,1014,11
2019-05-25,18,16,9,0.0,64,1013,19
2019-05-25,21,13,13,0.0,77,1013,4
2019-05-26,00,13,11,0.0,79,1013,9
2019-05-26,03,13,12,0.0,79,1014,48
2019-05-26,06,13,11,0.0,82,1012,82
2019-05-26,09,14,10,0.0,88,1013,69
2019-05-26,12,16,9,0.0,79,1012,76
2019-05-26,15,19,8,0.0,69,1011,84
2019-05-26,18,17,4,0.0,80,1010,87
2019-05-26,21,15,2,0.2,86,1012,80
2019-05-27,00,15,4,0.1,88,1012,76
2019-05-27,03,13,2,0.0,90,1012,57
2019-05-27,06,12,3,0.0,92,1012,23
2019-05-27,09,14,4,0.0,89,1013,29
2019-05-27,12,17,4,0.0,77,1013,28
2019-05-27,15,19,4,0.0,64,1012,27
2019-05-27,18,17,5,0.0,80,1012,64
2019-05-27,21,16,4,0.0,84,1013,72
2019-05-28,00,15,5,0.0,87,1014,73
2019-05-28,03,14,5,0.0,90,1014,46
2019-05-28,06,13,6,0.0,92,1014,44
2019-05-28,09,13,5,0.0,88,1016,33
2019-05-28,12,17,4,0.0,66,1016,20
2019-05-28,15,19,2,0.0,44,1016,6
2019-05-28,18,17,5,0.0,59,1016,3
2019-05-28,21,13,6,0.0,64,1018,4
2019-05-29,00,11,5,0.0,67,1019,5
2019-05-29,03,10,6,0.0,67,1020,4
2019-05-29,06,9,6,0.0,63,1020,3
2019-05-29,09,9,6,0.0,61,1022,22
2019-05-29,12,13,8,0.0,51,1021,50
2019-05-29,15,14,9,0.0,41,1020,77
2019-05-29,18,14,12,0.0,47,1020,70
2019-05-29,21,12,15,0.0,51,1020,48
2019-05-30,00,11,13,0.3,60,1020,76
2019-05-30,03,10,11,0.2,65,1020,84
2019-05-30,06,10,13,0.0,71,1020,70
2019-05-30,09,11,17,0.0,73,1020,100
2019-05-30,12,13,17,0.0,77,1020,100
2019-05-30,15,13,17,0.0,81,1019,100
2019-05-30,18,12,13,0.2,85,1019,89
2019-05-30,21,12,12,0.0,83,1020,94
2019-05-31,00,10,10,0.0,80,1020,55
2019-05-31,03,10,10,0.0,79,1020,73
2019-05-31,06,10,6,0.0,79,1019,34
2019-05-31,09,11,4,0.0,80,1020,63
2019-05-31,12,15,6,0.0,68,1019,61
2019-05-31,15,18,8,0.0,57,1018,59
2019-05-31,18,15,8,0.0,71,1017,26
2019-05-31,21,13,7,0.0,80,1018,43
2019-06-01,00,13,6,0.0,87,1018,69
2019-06-01,03,12,6,0.0,89,1018,53
2019-06-01,06,13,6,0.0,87,1018,100
2019-06-01,09,13,6,0.0,87,1019,81
2019-06-01,12,16,8,0.0,78,1018,71
2019-06-01,15,18,10,0.0,68,1018,62
2019-06-01,18,16,6,0.2,82,1018,71
2019-06-01,21,15,8,0.0,87,1020,47
2019-06-02,00,14,7,0.0,88,1021,12
2019-06-02,03,12,7,0.0,88,1021,3
2019-06-02,06,10,6,0.0,91,1021,9
2019-06-02,09,10,6,0.0,89,1022,36
2019-06-02,12,16,6,0.0,70,1022,64
2019-06-02,15,20,6,0.0,50,1022,93
2019-06-02,18,17,4,0.0,68,1022,14
2019-06-02,21,15,6,0.0,77,1023,46
2019-06-03,00,13,6,0.0,82,1024,30
2019-06-03,03,13,11,0.0,88,1024,0
2019-06-03,06,12,7,0.0,89,1024,2
2019-06-03,09,11,7,0.0,86,1026,4
2019-06-03,12,18,9,0.0,65,1025,2
2019-06-03,15,21,11,0.0,45,1024,0
2019-06-03,18,19,5,0.0,59,1024,1
2019-06-03,21,13,3,0.0,64,1025,8
2019-06-04,00,13,7,0.0,77,1026,7
2019-06-04,03,12,8,0.0,86,1026,14
2019-06-04,06,12,8,0.0,88,1025,13
2019-06-04,09,11,10,0.0,87,1026,12
2019-06-04,12,16,12,0.0,70,1025,11
2019-06-04,15,20,14,0.0,53,1024,9
2019-06-04,18,17,13,0.0,69,1022,14
2019-06-04,21,15,15,0.0,77,1022,31
2019-06-05,00,14,17,0.0,73,1021,20
2019-06-05,03,14,17,0.0,80,1020,15
2019-06-05,06,13,15,0.0,84,1019,45
2019-06-05,09,13,19,0.0,81,1019,70
2019-06-05,12,17,15,0.0,67,1017,50
2019-06-05,15,20,14,0.0,53,1016,31
2019-06-05,18,17,12,0.0,67,1015,21
2019-06-05,21,16,13,0.0,77,1015,9
2019-06-06,00,16,13,0.0,82,1016,0
2019-06-06,03,15,13,0.0,90,1015,28
2019-06-06,06,15,12,0.0,92,1013,80
2019-06-06,09,16,14,0.0,86,1013,92
2019-06-06,12,18,16,0.0,78,1012,94
2019-06-06,15,20,9,0.0,69,1010,96
2019-06-06,18,18,2,0.2,85,1011,100
2019-06-06,21,17,6,1.5,91,1012,100
2019-06-07,00,17,8,0.8,95,1013,87
2019-06-07,03,16,10,0.0,88,1015,81
2019-06-07,06,14,15,0.0,80,1016,7
2019-06-07,09,13,16,0.0,58,1019,2
2019-06-07,12,15,15,0.0,47,1019,1
2019-06-07,15,18,15,0.0,36,1019,0
2019-06-07,18,15,9,0.0,43,1018,0
2019-06-07,21,12,5,0.0,47,1019,0
2019-06-08,00,11,6,0.0,49,1020,0
2019-06-08,03,10,6,0.0,51,1020,0
2019-06-08,06,9,8,0.0,50,1020,0
2019-06-08,09,9,8,0.0,51,1021,0
2019-06-08,12,16,11,0.0,42,1020,0
2019-06-08,15,19,13,0.0,34,1020,0
2019-06-08,18,16,8,0.0,45,1019,0
2019-06-08,21,13,8,0.0,50,1020,2
2019-06-09,00,11,8,0.0,53,1020,3
2019-06-09,03,11,11,0.0,58,1020,0
2019-06-09,06,10,11,0.0,65,1019,0
2019-06-09,09,10,9,0.0,65,1019,0
2019-06-09,12,17,10,0.0,51,1018,0
2019-06-09,15,20,10,0.0,38,1016,0
2019-06-09,18,17,6,0.0,53,1014,39
2019-06-09,21,16,8,0.0,67,1015,100
2019-06-10,00,17,6,0.0,87,1014,72
2019-06-10,03,17,6,0.0,94,1014,62
2019-06-10,06,16,13,0.0,94,1014,71
2019-06-10,09,15,8,0.0,93,1015,51
2019-06-10,12,18,7,0.0,79,1016,59
2019-06-10,15,20,6,0.0,65,1016,67
2019-06-10,18,17,5,0.0,81,1016,57
2019-06-10,21,16,8,0.0,87,1017,54
2019-06-11,00,15,8,0.0,90,1018,28
2019-06-11,03,14,12,0.0,87,1019,45
2019-06-11,06,13,12,0.0,89,1018,61
2019-06-11,09,15,14,0.0,83,1019,66
2019-06-11,12,15,19,0.2,86,1017,83
2019-06-11,15,16,15,0.6,89,1015,100
2019-06-11,18,16,13,1.1,95,1013,100
2019-06-11,21,17,11,0.0,98,1013,100
2019-06-12,00,17,9,1.1,98,1012,91
2019-06-12,03,17,11,0.3,97,1011,88
2019-06-12,06,18,13,0.0,96,1009,100
2019-06-12,09,18,10,0.0,96,1010,96
2019-06-12,12,20,8,0.0,92,1010,95
2019-06-12,15,21,6,0.0,87,1009,94
2019-06-12,18,20,2,0.0,91,1010,59
2019-06-12,21,18,5,0.0,93,1012,52
2019-06-13,00,17,5,0.0,93,1013,40
2019-06-13,03,17,9,0.0,94,1013,46
2019-06-13,06,17,11,0.0,94,1012,82
2019-06-13,09,17,13,0.0,94,1013,94
2019-06-13,12,18,11,1.9,93,1011,97
2019-06-13,15,19,13,0.0,93,1009,100
2019-06-13,18,18,11,0.2,98,1007,94
2019-06-13,21,19,10,0.5,99,1008,100
2019-06-14,00,19,6,0.0,98,1009,92
2019-06-14,03,18,15,0.0,95,1011,84
2019-06-14,06,16,19,0.0,92,1012,63
2019-06-14,09,16,12,0.0,90,1015,29
2019-06-14,12,17,9,0.0,81,1015,29
2019-06-14,15,17,7,0.0,72,1015,28
2019-06-14,18,16,9,0.0,83,1016,37
2019-06-14,21,14,11,0.0,86,1018,33
2019-06-15,00,12,14,0.0,88,1018,36
2019-06-15,03,12,18,0.0,88,1019,97
2019-06-15,06,13,13,0.0,87,1018,100
2019-06-15,09,12,17,0.0,86,1020,100
2019-06-15,12,12,21,0.0,86,1020,84
2019-06-15,15,12,26,0.0,85,1019,67
2019-06-15,18,12,21,0.0,83,1019,90
2019-06-15,21,12,20,0.0,82,1021,80
2019-06-16,00,13,22,0.0,83,1020,90
2019-06-16,03,13,23,0.0,80,1021,76
2019-06-16,06,13,21,3.9,87,1019,100
2019-06-16,09,14,24,4.7,89,1022,100
2019-06-16,12,15,23,6.3,92,1021,100
2019-06-16,15,16,22,3.4,95,1020,100
2019-06-16,18,16,19,0.7,93,1019,100
2019-06-16,21,16,14,0.0,96,1020,100
2019-06-17,00,16,14,0.0,98,1021,100
2019-06-17,03,16,12,0.2,98,1020,100
2019-06-17,06,16,7,0.0,98,1019,100
2019-06-17,09,16,6,0.9,98,1021,100
2019-06-17,12,16,10,3.2,97,1018,100
2019-06-17,15,14,15,2.5,97,1016,100
2019-06-17,18,14,10,5.6,95,1015,100
2019-06-17,21,14,8,0.9,94,1015,100
2019-06-18,00,13,6,2.0,96,1014,100
2019-06-18,03,13,5,2.0,96,1012,100
2019-06-18,06,12,13,2.0,94,1010,100
2019-06-18,09,11,17,0.0,90,1011,100
2019-06-18,12,11,20,0.0,84,1011,92
2019-06-18,15,12,24,0.0,77,1010,85
2019-06-18,18,12,23,0.0,67,1009,2
2019-06-18,21,12,27,0.0,59,1010,24
2019-06-19,00,11,28,0.0,56,1010,53
2019-06-19,03,12,31,0.4,55,1011,70
2019-06-19,06,12,28,0.0,61,1011,16
2019-06-19,09,11,27,0.0,66,1015,15
2019-06-19,12,13,25,0.0,64,1015,11
2019-06-19,15,15,23,0.0,62,1016,8
2019-06-19,18,12,19,0.0,66,1016,3
2019-06-19,21,12,15,0.0,71,1019,3
2019-06-20,00,11,13,0.0,72,1021,6
2019-06-20,03,9,9,0.0,73,1021,4
2019-06-20,06,8,5,0.0,74,1021,2
2019-06-20,09,8,0,0.0,74,1023,5
2019-06-20,12,12,4,0.0,67,1023,51
2019-06-20,15,15,8,0.0,60,1022,96
2019-06-20,18,13,6,0.0,73,1022,12
2019-06-20,21,11,9,0.0,78,1022,19
2019-06-21,00,11,11,0.0,83,1022,34
2019-06-21,03,10,12,0.0,85,1020,33
2019-06-21,06,10,9,0.0,90,1019,7
2019-06-21,09,10,10,0.0,91,1021,23
2019-06-21,12,13,9,0.0,87,1020,43
2019-06-21,15,15,9,0.0,82,1018,63
2019-06-21,18,14,9,0.0,85,1018,98
2019-06-21,21,13,8,0.0,89,1020,72
2019-06-22,00,13,8,0.0,92,1020,100
2019-06-22,03,14,5,0.0,93,1020,79
2019-06-22,06,13,6,0.0,92,1019,69
2019-06-22,09,13,5,0.0,92,1021,26
2019-06-22,12,16,5,0.0,87,1019,39
2019-06-22,15,18,5,0.0,82,1018,53
2019-06-22,18,17,8,0.0,91,1017,42
2019-06-22,21,16,6,0.0,95,1018,85
2019-06-23,00,17,3,0.0,98,1016,100
2019-06-23,03,17,5,0.0,99,1015,100
2019-06-23,06,17,6,0.1,99,1013,100
2019-06-23,09,17,5,0.2,99,1012,100
2019-06-23,12,19,11,0.3,98,1011,100
2019-06-23,15,18,8,0.6,97,1010,100
2019-06-23,18,17,6,0.0,93,1010,42
2019-06-23,21,15,6,0.0,94,1012,28
2019-06-24,00,13,5,0.0,95,1011,32
2019-06-24,03,12,4,0.0,94,1012,10
2019-06-24,06,10,7,0.0,88,1010,7
2019-06-24,09,10,6,0.0,87,1011,49
2019-06-24,12,13,8,0.0,84,1008,72
2019-06-24,15,16,11,0.0,81,1004,95
2019-06-24,18,15,9,0.8,93,1002,100
2019-06-24,21,15,6,6.9,96,1002,100
2019-06-25,00,13,15,1.2,94,1000,100
2019-06-25,03,12,24,0.0,88,1003,100
2019-06-25,06,11,24,0.0,73,1006,30
2019-06-25,09,8,31,0.0,66,1011,6
2019-06-25,12,9,28,0.0,56,1011,3
2019-06-25,15,11,25,0.0,46,1012,0
2019-06-25,18,9,19,0.0,56,1013,0
2019-06-25,21,8,14,0.0,58,1015,12
2019-06-26,00,7,14,0.0,60,1015,5
2019-06-26,03,7,10,0.0,61,1015,3
2019-06-26,06,5,10,0.0,62,1014,5
2019-06-26,09,6,12,0.0,65,1016,9
2019-06-26,12,9,14,0.0,60,1015,21
2019-06-26,15,12,17,0.0,54,1014,34
2019-06-26,18,10,13,0.0,62,1013,30
2019-06-26,21,9,18,0.0,66,1015,11
2019-06-27,00,8,18,0.0,72,1014,5
2019-06-27,03,7,17,0.0,74,1014,7
2019-06-27,06,6,17,0.0,74,1013,11
2019-06-27,09,7,15,0.0,73,1015,2
2019-06-27,12,10,13,0.0,65,1013,4
2019-06-27,15,14,11,0.0,57,1012,6
2019-06-27,18,11,10,0.0,69,1010,19
2019-06-27,21,11,14,0.0,77,1012,6
2019-06-28,00,10,12,0.0,80,1011,8
2019-06-28,03,10,9,0.0,88,1011,54
2019-06-28,06,11,6,0.0,89,1009,84
2019-06-28,09,12,4,0.0,91,1011,100
2019-06-28,12,12,6,0.1,92,1009,100
2019-06-28,15,13,8,0.2,93,1008,100
2019-06-28,18,13,7,0.0,95,1007,100
2019-06-28,21,12,9,0.0,95,1008,100
2019-06-29,00,12,8,0.0,96,1008,100
2019-06-29,03,12,6,0.0,95,1009,100
2019-06-29,06,12,11,0.0,94,1009,100
2019-06-29,09,11,10,0.1,92,1010,91
2019-06-29,12,12,11,0.1,92,1009,96
2019-06-29,15,12,12,0.0,91,1008,100
2019-06-29,18,12,9,0.0,94,1008,100
2019-06-29,21,11,12,0.0,94,1011,100
2019-06-30,00,11,14,0.0,93,1012,82
2019-06-30,03,9,17,0.0,92,1014,61
2019-06-30,06,9,16,0.0,89,1015,99
2019-06-30,09,9,13,0.0,86,1018,70
2019-06-30,12,10,14,0.0,78,1018,70
2019-06-30,15,12,15,0.0,70,1019,70
2019-06-30,18,10,14,0.0,74,1019,35
2019-06-30,21,9,12,0.0,79,1021,0
2019-07-01,00,7,10,0.0,77,1022,0
2019-07-01,03,5,11,0.0,75,1023,5
2019-07-01,06,5,8,0.0,73,1022,0
2019-07-01,09,5,6,0.0,71,1023,0
2019-07-01,12,9,9,0.0,62,1020,0
2019-07-01,15,12,12,0.0,53,1017,0
2019-07-01,18,11,12,0.0,65,1014,0
2019-07-01,21,8,16,0.0,68,1012,0
2019-07-02,00,8,22,0.0,63,1010,8
2019-07-02,03,8,21,0.0,67,1009,4
2019-07-02,06,8,19,0.0,61,1007,71
2019-07-02,09,8,16,0.0,67,1008,92
2019-07-02,12,11,20,0.0,63,1007,76
2019-07-02,15,14,24,0.0,58,1006,60
2019-07-02,18,11,22,0.0,57,1006,2
2019-07-02,21,9,24,0.0,46,1009,8
2019-07-03,00,7,23,0.0,54,1010,2
2019-07-03,03,6,20,0.0,57,1011,5
2019-07-03,06,5,16,0.0,63,1012,13
2019-07-03,09,4,19,0.0,67,1014,21
2019-07-03,12,7,20,0.0,59,1014,11
2019-07-03,15,10,21,0.0,52,1013,0
2019-07-03,18,9,15,0.0,61,1013,0
2019-07-03,21,7,15,0.0,63,1016,3
2019-07-04,00,5,14,0.0,64,1016,11
2019-07-04,03,5,13,0.0,67,1017,9
2019-07-04,06,4,14,0.0,70,1017,26
2019-07-04,09,4,15,0.0,71,1020,7
2019-07-04,12,6,17,0.0,61,1020,4
2019-07-04,15,9,19,0.0,51,1020,0
2019-07-04,18,7,17,0.0,61,1021,0
2019-07-04,21,5,17,0.0,63,1023,7
2019-07-05,00,4,17,0.0,68,1024,12
2019-07-05,03,3,16,0.0,74,1026,5
2019-07-05,06,2,17,0.0,79,1026,3
2019-07-05,09,3,16,0.0,80,1028,0
2019-07-05,12,6,16,0.0,69,1028,6
2019-07-05,15,9,16,0.0,58,1028,12
2019-07-05,18,7,12,0.0,67,1027,20
2019-07-05,21,6,9,0.0,68,1029,6
2019-07-06,00,5,6,0.0,68,1030,0
2019-07-06,03,3,6,0.0,66,1030,0
2019-07-06,06,2,5,0.0,63,1029,0
2019-07-06,09,2,5,0.0,57,1031,1
2019-07-06,12,8,7,0.0,51,1029,1
2019-07-06,15,11,9,0.0,45,1028,0
2019-07-06,18,10,6,0.0,56,1028,0
2019-07-06,21,6,6,0.0,61,1029,0
2019-07-07,00,5,6,0.0,61,1028,0
2019-07-07,03,4,8,0.0,67,1028,0
2019-07-07,06,3,8,0.0,71,1027,2
2019-07-07,09,3,7,0.0,73,1027,100
2019-07-07,12,8,8,0.0,64,1026,61
2019-07-07,15,11,9,0.0,55,1025,22
2019-07-07,18,9,8,0.0,66,1025,100
2019-07-07,21,8,9,0.0,72,1025,100
2019-07-08,00,7,11,0.0,78,1025,35
2019-07-08,03,7,10,0.0,82,1024,13
2019-07-08,06,5,9,0.0,84,1023,3
2019-07-08,09,5,9,0.0,84,1024,2
2019-07-08,12,10,7,0.0,73,1023,3
2019-07-08,15,14,6,0.0,62,1021,4
2019-07-08,18,11,7,0.0,70,1021,43
2019-07-08,21,10,8,0.0,77,1022,69
2019-07-09,00,9,10,0.0,83,1021,100
2019-07-09,03,8,5,0.0,85,1022,100
2019-07-09,06,8,6,0.0,85,1021,13
2019-07-09,09,8,6,0.0,86,1023,35
2019-07-09,12,13,5,0.0,77,1022,31
2019-07-09,15,16,4,0.0,68,1020,28
2019-07-09,18,14,5,0.0,78,1019,33
2019-07-09,21,11,6,0.0,83,1020,27
2019-07-10,00,12,5,0.0,81,1020,54
2019-07-10,03,11,3,0.0,83,1020,54
2019-07-10,06,13,1,0.0,81,1018,58
2019-07-10,09,11,0,0.0,84,1019,32
2019-07-10,12,14,2,0.0,82,1017,31
2019-07-10,15,14,4,0.0,80,1016,30
2019-07-10,18,14,1,0.0,79,1015,22
2019-07-10,21,13,2,0.0,82,1016,34
2019-07-11,00,11,1,0.0,83,1015,7
2019-07-11,03,10,3,0.0,85,1016,5
2019-07-11,06,10,6,0.0,87,1014,2
2019-07-11,09,9,7,0.0,86,1016,8
2019-07-11,12,13,9,0.0,79,1014,29
2019-07-11,15,16,10,0.0,73,1012,50
2019-07-11,18,14,11,0.0,92,1012,64
2019-07-11,21,14,7,5.2,97,1012,100
2019-07-12,00,14,5,0.7,96,1012,100
2019-07-12,03,13,7,1.4,96,1012,100
2019-07-12,06,13,10,0.0,97,1011,100
2019-07-12,09,13,13,0.0,95,1014,95
2019-07-12,12,14,12,0.0,87,1014,58
2019-07-12,15,14,12,0.0,80,1014,21
2019-07-12,18,15,7,0.0,83,1014,6
2019-07-12,21,12,8,0.0,87,1017,0
2019-07-13,00,11,6,0.0,89,1017,1
2019-07-13,03,10,6,0.0,91,1018,10
2019-07-13,06,7,6,0.0,92,1018,15
2019-07-13,09,8,8,0.0,90,1020,13
2019-07-13,12,11,7,0.0,74,1019,6
2019-07-13,15,15,6,0.0,58,1018,0
2019-07-13,18,12,6,0.0,71,1017,3
2019-07-13,21,9,6,0.0,79,1019,6
2019-07-14,00,8,3,0.0,81,1019,3
2019-07-14,03,8,4,0.0,81,1020,2
2019-07-14,06,6,3,0.0,82,1019,7
2019-07-14,09,6,1,0.0,80,1021,7
2019-07-14,12,10,3,0.0,69,1020,16
2019-07-14,15,13,5,0.0,58,1019,24
2019-07-14,18,11,5,0.0,68,1018,47
2019-07-14,21,9,6,0.0,75,1020,19
2019-07-15,00,9,6,0.0,78,1019,44
2019-07-15,03,9,5,0.0,80,1020,44
2019-07-15,06,8,6,0.3,79,1019,71
2019-07-15,09,8,9,0.2,82,1021,82
2019-07-15,12,12,12,0.0,66,1021,5
2019-07-15,15,15,16,0.0,50,1021,2
2019-07-15,18,13,9,0.0,63,1021,6
2019-07-15,21,10,6,0.0,68,1024,0
2019-07-16,00,9,4,0.0,68,1023,0
2019-07-16,03,6,3,0.0,70,1024,4
2019-07-16,06,6,2,0.0,71,1023,2
2019-07-16,09,7,4,0.0,73,1025,0
2019-07-16,12,13,6,0.0,65,1024,2
2019-07-16,15,15,9,0.0,56,1023,4
2019-07-16,18,13,9,0.0,68,1023,0
2019-07-16,21,10,10,0.0,75,1024,0
2019-07-17,00,10,13,0.0,77,1025,7
2019-07-17,03,9,11,0.0,81,1025,0
2019-07-17,06,8,12,0.0,85,1024,5
2019-07-17,09,8,14,0.0,84,1025,5
2019-07-17,12,12,14,0.0,74,1024,19
2019-07-17,15,15,14,0.0,63,1022,34
2019-07-17,18,13,15,0.0,72,1019,5
2019-07-17,21,12,14,0.0,78,1020,12
2019-07-18,00,12,17,0.0,79,1019,6
2019-07-18,03,11,12,0.0,86,1019,7
2019-07-18,06,10,13,0.0,89,1018,34
2019-07-18,09,9,9,0.0,89,1021,30
2019-07-18,12,13,7,0.0,80,1021,65
2019-07-18,15,16,4,0.0,71,1021,100
2019-07-18,18,14,3,0.0,81,1019,47
2019-07-18,21,13,7,0.1,84,1022,87
2019-07-19,00,13,9,0.0,90,1022,100
2019-07-19,03,11,6,0.0,92,1021,36
2019-07-19,06,9,3,0.0,89,1019,44
2019-07-19,09,10,4,0.0,89,1020,23
2019-07-19,12,13,6,0.0,80,1018,33
2019-07-19,15,18,9,0.0,72,1016,43
2019-07-19,18,16,8,0.0,83,1015,62
2019-07-19,21,14,8,0.0,89,1015,88
2019-07-20,00,14,4,0.0,90,1015,75
2019-07-20,03,13,5,0.0,91,1015,64
2019-07-20,06,12,5,0.0,93,1015,43
2019-07-20,09,13,8,0.0,96,1015,70
2019-07-20,12,16,12,0.0,91,1012,83
2019-07-20,15,18,15,0.0,87,1009,96
2019-07-20,18,18,14,0.0,92,1008,100
2019-07-20,21,18,16,0.0,94,1007,76
2019-07-21,00,18,17,0.0,91,1006,62
2019-07-21,03,18,22,0.0,87,1004,42
2019-07-21,06,19,17,0.0,87,1002,50
2019-07-21,09,19,23,0.1,86,1002,87
2019-07-21,12,22,21,0.2,79,1001,71
2019-07-21,15,23,24,0.5,72,1000,56
2019-07-21,18,19,21,3.9,88,1003,88
2019-07-21,21,13,30,0.3,79,1008,93
2019-07-22,00,13,21,0.0,69,1012,25
2019-07-22,03,13,15,0.0,64,1014,22
2019-07-22,06,11,12,0.0,64,1015,5
2019-07-22,09,9,11,0.0,68,1018,30
2019-07-22,12,13,12,0.0,59,1018,39
2019-07-22,15,14,13,0.0,50,1019,48
2019-07-22,18,12,12,0.0,59,1021,18
2019-07-22,21,11,15,0.0,61,1023,14
2019-07-23,00,9,10,0.0,65,1023,28
2019-07-23,03,8,8,0.0,68,1024,45
2019-07-23,06,8,12,0.0,72,1025,23
2019-07-23,09,8,9,0.0,76,1025,17
2019-07-23,12,10,12,0.0,65,1025,28
2019-07-23,15,12,14,0.0,53,1025,39
2019-07-23,18,11,14,0.2,61,1026,81
2019-07-23,21,10,11,0.0,62,1027,70
2019-07-24,00,9,10,0.0,62,1029,74
2019-07-24,03,8,10,0.0,64,1029,7
2019-07-24,06,6,10,0.0,63,1029,5
2019-07-24,09,6,9,0.0,63,1031,4
2019-07-24,12,10,9,0.0,54,1030,5
2019-07-24,15,13,10,0.0,45,1029,7
2019-07-24,18,11,9,0.0,59,1029,10
2019-07-24,21,8,9,0.0,63,1030,6
2019-07-25,00,8,7,0.0,66,1030,5
2019-07-25,03,8,10,0.0,73,1029,11
2019-07-25,06,7,10,0.0,82,1027,19
2019-07-25,09,8,14,0.0,80,1028,80
2019-07-25,12,10,15,0.0,77,1026,86
2019-07-25,15,12,15,0.0,73,1024,91
2019-07-25,18,11,16,1.0,86,1022,100
2019-07-25,21,10,19,0.7,90,1022,100
2019-07-26,00,11,18,0.0,94,1020,100
2019-07-26,03,11,17,0.0,95,1019,100
2019-07-26,06,11,10,0.0,96,1017,100
2019-07-26,09,11,11,0.0,95,1019,100
2019-07-26,12,11,12,0.0,92,1019,92
2019-07-26,15,12,13,0.0,89,1019,84
2019-07-26,18,12,12,0.0,90,1020,100
2019-07-26,21,12,8,0.0,91,1023,100
2019-07-27,00,12,7,0.0,91,1024,63
2019-07-27,03,9,7,0.0,89,1025,33
2019-07-27,06,9,8,0.0,86,1026,0
2019-07-27,09,9,5,0.0,77,1027,0
2019-07-27,12,13,5,0.0,66,1027,5
2019-07-27,15,16,6,0.0,54,1027,11
2019-07-27,18,16,4,0.0,67,1026,0
2019-07-27,21,10,6,0.0,73,1027,32
2019-07-28,00,9,8,0.0,76,1028,9
2019-07-28,03,9,10,0.0,86,1027,32
2019-07-28,06,9,6,0.0,88,1026,100
2019-07-28,09,10,8,0.0,89,1026,26
2019-07-28,12,12,10,0.0,79,1024,26
2019-07-28,15,15,13,0.0,68,1022,26
2019-07-28,18,13,13,0.0,78,1021,77
2019-07-28,21,13,12,0.0,77,1021,96
2019-07-29,00,12,12,0.0,76,1021,83
2019-07-29,03,12,9,0.0,78,1020,73
2019-07-29,06,12,5,0.0,83,1019,99
2019-07-29,09,12,6,0.0,86,1020,92
2019-07-29,12,13,7,0.0,77,1019,81
2019-07-29,15,15,9,0.0,69,1018,70
2019-07-29,18,14,9,0.0,73,1018,71
2019-07-29,21,13,5,0.0,81,1019,15
2019-07-30,00,11,5,0.0,82,1019,2
2019-07-30,03,8,8,0.0,85,1019,83
2019-07-30,06,8,8,0.0,85,1018,6
2019-07-30,09,8,9,0.0,83,1019,34
2019-07-30,12,13,9,0.0,71,1018,22
2019-07-30,15,17,9,0.0,60,1017,11
2019-07-30,18,15,7,0.0,72,1017,6
2019-07-30,21,13,9,0.0,78,1017,7
2019-07-31,00,12,12,0.0,84,1016,11
2019-07-31,03,12,11,0.0,86,1014,3
2019-07-31,06,11,11,0.0,89,1013,6
2019-07-31,09,11,12,0.0,89,1013,15
2019-07-31,12,14,15,0.0,79,1010,12
2019-07-31,15,18,17,0.0,69,1007,8
2019-07-31,18,16,9,0.0,79,1008,100
2019-07-31,21,16,10,0.0,79,1008,15
2019-08-01,00,13,12,0.0,87,1009,12
2019-08-01,03,12,14,0.0,78,1011,7
2019-08-01,06,11,15,0.0,58,1011,21
2019-08-01,09,12,15,0.0,56,1013,31
2019-08-01,12,13,20,0.0,52,1012,16
2019-08-01,15,15,26,0.0,47,1012,0
2019-08-01,18,12,22,0.0,55,1014,9
2019-08-01,21,10,15,0.0,57,1018,13
2019-08-02,00,9,16,0.0,55,1020,5
2019-08-02,03,8,19,0.0,54,1021,5
2019-08-02,06,7,19,0.0,59,1021,0
2019-08-02,09,7,21,0.0,64,1024,0
2019-08-02,12,10,21,0.0,57,1024,3
2019-08-02,15,13,21,0.0,49,1024,7
2019-08-02,18,12,15,0.0,59,1024,7
2019-08-02,21,10,13,0.0,59,1026,0
2019-08-03,00,8,11,0.0,59,1026,0
2019-08-03,03,7,10,0.0,60,1027,27
2019-08-03,06,6,11,0.0,60,1027,65
2019-08-03,09,6,9,0.0,63,1028,18
2019-08-03,12,12,10,0.0,55,1028,9
2019-08-03,15,16,10,0.0,47,1027,0
2019-08-03,18,15,5,0.0,58,1027,0
2019-08-03,21,10,7,0.0,61,1028,0
2019-08-04,00,9,6,0.0,61,1028,0
2019-08-04,03,8,9,0.0,63,1028,0
2019-08-04,06,6,9,0.0,66,1028,0
2019-08-04,09,7,10,0.0,67,1030,0
2019-08-04,12,12,12,0.0,59,1028,0
2019-08-04,15,16,14,0.0,50,1027,0
2019-08-04,18,14,12,0.0,63,1026,0
2019-08-04,21,11,16,0.0,70,1026,0
2019-08-05,00,10,17,0.0,78,1026,0
2019-08-05,03,9,17,0.0,81,1025,0
2019-08-05,06,8,16,0.0,82,1024,0
2019-08-05,09,9,16,0.0,80,1025,0
2019-08-05,12,12,16,0.0,67,1023,0
2019-08-05,15,16,16,0.0,55,1021,0
2019-08-05,18,14,15,0.0,65,1019,0
2019-08-05,21,12,19,0.0,73,1019,0
2019-08-06,00,12,20,0.0,84,1018,0
2019-08-06,03,11,19,0.0,85,1018,0
2019-08-06,06,10,19,0.0,80,1016,0
2019-08-06,09,11,19,0.0,78,1017,0
2019-08-06,12,16,18,0.0,67,1015,0
2019-08-06,15,20,16,0.0,57,1014,0
2019-08-06,18,20,4,0.0,69,1013,0
2019-08-06,21,16,4,0.0,78,1016,12
2019-08-07,00,13,2,0.0,81,1017,16
2019-08-07,03,11,8,0.0,83,1018,18
2019-08-07,06,11,16,0.0,78,1018,22
2019-08-07,09,11,15,0.0,65,1021,22
2019-08-07,12,12,14,0.0,59,1021,26
2019-08-07,15,14,13,0.0,52,1022,31
2019-08-07,18,13,11,0.0,63,1022,44
2019-08-07,21,10,12,0.0,58,1024,27
2019-08-08,00,8,12,0.0,49,1025,23
2019-08-08,03,7,13,0.0,51,1025,44
2019-08-08,06,7,12,0.0,55,1025,23
2019-08-08,09,8,14,0.0,60,1027,13
2019-08-08,12,11,14,0.0,56,1026,17
2019-08-08,15,13,15,0.0,51,1026,21
2019-08-08,18,11,15,0.0,59,1026,36
2019-08-08,21,10,15,0.0,60,1026,28
2019-08-09,00,9,15,0.0,62,1026,28
2019-08-09,03,9,16,0.0,71,1025,47
2019-08-09,06,8,13,0.6,82,1023,54
2019-08-09,09,7,15,0.6,90,1023,84
2019-08-09,12,9,15,0.0,87,1021,85
2019-08-09,15,8,15,0.0,84,1019,86
2019-08-09,18,8,15,0.0,83,1018,44
2019-08-09,21,8,6,0.0,80,1020,100
2019-08-10,00,7,9,0.0,74,1019,48
2019-08-10,03,6,10,0.0,73,1020,10
2019-08-10,06,5,7,0.0,71,1019,4
2019-08-10,09,6,9,0.0,71,1021,2
2019-08-10,12,11,13,0.0,61,1019,1
2019-08-10,15,15,17,0.0,51,1018,0
2019-08-10,18,14,14,0.0,65,1016,0
2019-08-10,21,10,14,0.0,70,1019,32
2019-08-11,00,10,12,0.0,77,1018,0
2019-08-11,03,8,13,0.0,82,1018,0
2019-08-11,06,7,10,0.0,85,1017,1
2019-08-11,09,9,10,0.0,80,1019,3
2019-08-11,12,12,11,0.0,71,1017,51
2019-08-11,15,16,12,0.0,62,1014,100
2019-08-11,18,14,6,0.0,76,1014,41
2019-08-11,21,12,6,0.0,86,1016,27
2019-08-12,00,12,6,0.0,88,1015,0
2019-08-12,03,10,7,0.0,91,1016,2
2019-08-12,06,9,10,0.0,81,1018,33
2019-08-12,09,9,18,0.0,61,1020,1
2019-08-12,12,11,24,0.0,61,1022,17
2019-08-12,15,14,22,0.0,61,1023,34
2019-08-12,18,10,18,0.0,66,1025,87
2019-08-12,21,8,14,0.0,61,1029,20
2019-08-13,00,7,13,0.0,61,1030,38
2019-08-13,03,5,12,0.0,67,1031,3
2019-08-13,06,3,16,0.0,74,1032,0
2019-08-13,09,4,13,0.0,76,1035,0
2019-08-13,12,7,12,0.0,64,1035,4
2019-08-13,15,10,12,0.0,52,1035,8
2019-08-13,18,10,8,0.0,61,1034,2
2019-08-13,21,8,10,0.0,66,1036,2
2019-08-14,00,8,6,0.0,66,1037,0
2019-08-14,03,5,4,0.0,68,1036,0
2019-08-14,06,3,4,0.0,74,1035,0
2019-08-14,09,3,10,0.0,73,1036,0
2019-08-14,12,8,11,0.0,64,1033,0
2019-08-14,15,11,13,0.0,55,1030,0
2019-08-14,18,8,14,0.0,66,1028,47
2019-08-14,21,7,14,0.0,70,1028,35
2019-08-15,00,7,13,0.0,73,1027,6
2019-08-15,03,6,12,0.0,78,1027,3
2019-08-15,06,5,10,0.0,83,1025,59
2019-08-15,09,7,8,0.0,82,1027,87
2019-08-15,12,11,7,0.0,70,1024,51
2019-08-15,15,15,7,0.0,58,1022,14
2019-08-15,18,13,6,0.0,68,1020,32
2019-08-15,21,10,9,0.0,75,1021,53
2019-08-16,00,10,5,0.0,82,1020,16
2019-08-16,03,10,6,0.0,84,1018,2
2019-08-16,06,9,6,0.0,87,1017,11
2019-08-16,09,11,5,0.0,87,1017,4
2019-08-16,12,17,8,0.0,75,1014,5
2019-08-16,15,21,10,0.0,64,1011,5
2019-08-16,18,18,4,0.0,81,1011,87
2019-08-16,21,15,4,0.0,88,1011,97
2019-08-17,00,14,7,0.0,92,1011,97
2019-08-17,03,13,6,0.0,96,1009,87
2019-08-17,06,14,6,1.6,98,1006,100
2019-08-17,09,14,14,2.0,96,1009,100
2019-08-17,12,15,14,0.0,82,1010,50
2019-08-17,15,17,13,0.0,68,1010,0
2019-08-17,18,16,13,0.0,71,1012,0
2019-08-17,21,12,10,0.0,73,1016,32
2019-08-18,00,11,12,0.0,75,1018,34
2019-08-18,03,9,15,0.0,80,1020,7
2019-08-18,06,7,16,0.0,79,1022,28
2019-08-18,09,8,15,0.0,76,1025,11
2019-08-18,12,10,15,0.0,67,1026,14
2019-08-18,15,12,15,0.0,58,1026,16
2019-08-18,18,10,14,0.0,66,1026,7
2019-08-18,21,7,17,0.0,65,1029,10
2019-08-19,00,5,14,0.0,66,1030,13
2019-08-19,03,4,12,0.0,67,1030,5
2019-08-19,06,2,8,0.0,69,1030,8
2019-08-19,09,4,9,0.0,67,1031,48
2019-08-19,12,7,9,0.0,60,1030,30
2019-08-19,15,9,9,0.0,53,1029,13
2019-08-19,18,7,8,0.0,66,1028,50
2019-08-19,21,6,9,0.0,66,1030,92
2019-08-20,00,6,8,0.0,68,1030,47
2019-08-20,03,5,6,0.0,73,1031,38
2019-08-20,06,5,6,0.0,76,1030,50
2019-08-20,09,6,8,0.0,74,1032,33
2019-08-20,12,9,8,0.0,66,1031,26
2019-08-20,15,11,7,0.0,58,1030,20
2019-08-20,18,9,8,0.0,68,1031,45
2019-08-20,21,7,9,0.0,74,1031,31
2019-08-21,00,6,8,0.0,79,1031,40
2019-08-21,03,6,8,0.0,79,1031,27
2019-08-21,06,5,6,0.0,82,1030,32
2019-08-21,09,7,10,0.0,76,1031,20
2019-08-21,12,9,12,0.0,70,1030,22
2019-08-21,15,11,14,0.0,63,1029,23
2019-08-21,18,9,14,0.0,75,1027,16
2019-08-21,21,8,12,0.0,83,1029,9
2019-08-22,00,8,7,0.0,85,1028,10
2019-08-22,03,8,7,0.0,88,1028,14
2019-08-22,06,8,5,0.0,84,1028,47
2019-08-22,09,9,7,0.0,80,1031,48
2019-08-22,12,13,6,0.0,69,1029,28
2019-08-22,15,17,4,0.0,58,1028,8
2019-08-22,18,15,6,0.0,67,1026,6
2019-08-22,21,12,4,0.0,73,1028,0
2019-08-23,00,10,4,0.0,75,1028,0
2019-08-23,03,8,3,0.0,76,1027,2
2019-08-23,06,6,4,0.0,79,1026,3
2019-08-23,09,9,6,0.0,75,1027,8
2019-08-23,12,14,8,0.0,64,1026,11
2019-08-23,15,17,10,0.0,53,1025,15
2019-08-23,18,14,12,0.0,66,1023,69
2019-08-23,21,11,11,0.0,75,1024,100
2019-08-24,00,11,10,0.0,84,1024,31
2019-08-24,03,9,10,0.0,85,1025,12
2019-08-24,06,9,11,0.0,84,1023,92
2019-08-24,09,11,13,0.0,82,1025,100
2019-08-24,12,13,13,0.0,73,1024,100
2019-08-24,15,16,14,0.0,65,1023,100
2019-08-24,18,15,14,0.0,78,1021,65
2019-08-24,21,13,13,0.0,89,1023,32
2019-08-25,00,12,12,0.0,87,1022,6
2019-08-25,03,11,7,0.0,88,1022,0
2019-08-25,06,10,6,0.0,92,1021,23
2019-08-25,09,12,7,0.0,87,1022,33
2019-08-25,12,15,6,0.0,81,1021,41
2019-08-25,15,15,5,0.0,74,1019,49
2019-08-25,18,15,7,0.0,85,1018,32
2019-08-25,21,13,5,0.0,91,1020,67
2019-08-26,00,13,4,0.0,92,1019,63
2019-08-26,03,13,5,0.0,94,1019,50
2019-08-26,06,12,7,0.0,97,1018,64
2019-08-26,09,15,7,0.0,94,1020,65
2019-08-26,12,19,7,0.0,87,1019,67
2019-08-26,15,21,7,0.0,80,1017,70
2019-08-26,18,19,7,0.0,89,1017,28
2019-08-26,21,16,8,0.0,93,1019,34
2019-08-27,00,15,7,0.0,92,1021,25
2019-08-27,03,16,6,0.0,93,1022,8
2019-08-27,06,15,5,0.0,94,1022,13
2019-08-27,09,16,5,0.0,90,1024,17
2019-08-27,12,18,6,0.0,82,1023,24
2019-08-27,15,21,11,0.0,73,1022,31
2019-08-27,18,19,10,0.0,82,1020,34
2019-08-27,21,17,10,0.0,90,1020,4
2019-08-28,00,17,14,0.0,90,1019,10
2019-08-28,03,16,14,0.0,91,1017,24
2019-08-28,06,16,13,0.0,93,1015,20
2019-08-28,09,17,13,0.0,87,1016,16
2019-08-28,12,21,15,0.0,75,1013,18
2019-08-28,15,25,15,0.0,63,1011,19
2019-08-28,18,22,12,0.0,80,1009,25
2019-08-28,21,21,15,0.0,87,1009,14
2019-08-29,00,21,17,0.0,90,1007,34
2019-08-29,03,21,15,0.0,90,1006,37
2019-08-29,06,19,14,6.6,93,1007,100
2019-08-29,09,20,18,0.0,91,1010,60
2019-08-29,12,19,15,0.0,82,1011,34
2019-08-29,15,19,13,0.0,74,1012,8
2019-08-29,18,17,9,0.0,71,1013,8
2019-08-29,21,15,8,0.0,58,1016,8
2019-08-30,00,11,7,0.0,59,1017,22
2019-08-30,03,11,5,0.0,55,1017,6
2019-08-30,06,11,4,0.0,61,1016,35
2019-08-30,09,12,6,0.0,71,1019,17
2019-08-30,12,15,6,0.0,60,1017,16
2019-08-30,15,17,6,0.0,49,1016,16
2019-08-30,18,14,8,0.0,60,1017,68
2019-08-30,21,13,12,0.0,59,1019,0
2019-08-31,00,10,5,0.0,59,1019,5
2019-08-31,03,9,10,0.0,66,1019,11
2019-08-31,06,8,11,0.0,66,1019,3
2019-08-31,09,10,11,0.0,69,1021,0
2019-08-31,12,14,11,0.0,56,1020,12
2019-08-31,15,17,11,0.0,44,1020,24
2019-08-31,18,15,8,0.0,59,1019,19
2019-08-31,21,12,4,0.0,54,1021,1
2019-09-01,00,10,5,0.0,54,1020,4
2019-09-01,03,8,7,0.0,54,1020,6
2019-09-01,06,8,10,0.0,58,1020,4
2019-09-01,09,9,14,0.0,62,1022,4
2019-09-01,12,11,16,0.0,54,1021,2
2019-09-01,15,13,17,0.0,45,1020,0
2019-09-01,18,13,12,0.0,55,1019,0
2019-09-01,21,9,4,0.0,53,1020,0
2019-09-02,00,8,1,0.0,55,1019,0
2019-09-02,03,6,3,0.0,55,1019,11
2019-09-02,06,4,4,0.0,57,1018,28
2019-09-02,09,9,9,0.0,59,1019,4
2019-09-02,12,12,13,0.0,53,1018,17
2019-09-02,15,15,17,0.0,47,1018,29
2019-09-02,18,11,23,0.0,62,1019,11
2019-09-02,21,7,16,0.0,66,1022,2
2019-09-03,00,6,15,0.0,64,1024,0
2019-09-03,03,5,13,0.0,68,1024,0
2019-09-03,06,3,11,0.0,73,1024,0
2019-09-03,09,5,10,0.0,64,1026,0
2019-09-03,12,9,14,0.0,54,1024,0
2019-09-03,15,11,18,0.0,44,1022,0
2019-09-03,18,12,15,0.0,56,1022,0
2019-09-03,21,8,10,0.0,54,1024,0
2019-09-04,00,6,12,0.0,51,1025,1
2019-09-04,03,5,13,0.0,62,1027,0
2019-09-04,06,3,11,0.0,72,1028,0
2019-09-04,09,5,13,0.0,67,1031,10
2019-09-04,12,8,12,0.0,57,1030,19
2019-09-04,15,11,12,0.0,46,1030,29
2019-09-04,18,10,9,0.0,59,1030,12
2019-09-04,21,7,9,0.0,64,1032,9
2019-09-05,00,7,9,0.0,65,1033,3
2019-09-05,03,6,10,0.0,71,1033,2
2019-09-05,06,4,10,0.0,77,1033,48
2019-09-05,09,7,10,0.0,71,1034,67
2019-09-05,12,9,13,0.0,66,1032,48
2019-09-05,15,11,17,0.0,60,1030,30
2019-09-05,18,9,15,0.0,69,1028,20
2019-09-05,21,8,15,0.0,75,1029,30
2019-09-06,00,8,10,0.0,80,1028,38
2019-09-06,03,8,12,0.0,87,1026,68
2019-09-06,06,7,10,0.0,88,1025,30
2019-09-06,09,10,14,0.0,81,1025,11
2019-09-06,12,12,15,0.0,75,1022,43
2019-09-06,15,14,16,0.0,70,1019,75
2019-09-06,18,13,14,0.0,79,1017,69
2019-09-06,21,12,12,0.0,87,1017,85
2019-09-07,00,11,8,0.0,91,1018,70
2019-09-07,03,11,9,0.0,93,1017,64
2019-09-07,06,10,10,0.0,95,1016,50
2019-09-07,09,12,12,0.0,90,1017,54
2019-09-07,12,14,11,0.0,85,1015,73
2019-09-07,15,17,11,0.0,80,1013,93
2019-09-07,18,16,11,0.0,82,1013,74
2019-09-07,21,13,6,0.0,88,1015,26
2019-09-08,00,12,3,0.0,92,1015,13
2019-09-08,03,11,7,0.0,94,1016,30
2019-09-08,06,10,8,0.0,95,1015,51
2019-09-08,09,12,8,0.0,93,1016,67
2019-09-08,12,15,9,0.0,82,1015,42
2019-09-08,15,17,10,0.0,72,1014,17
2019-09-08,18,16,11,0.0,82,1012,16
2019-09-08,21,13,9,0.0,90,1013,68
2019-09-09,00,13,8,0.0,92,1013,64
2019-09-09,03,12,12,0.0,93,1011,88
2019-09-09,06,12,14,0.2,93,1009,100
2019-09-09,09,13,19,0.7,95,1010,100
2019-09-09,12,13,16,1.6,94,1009,100
2019-09-09,15,13,14,1.5,92,1008,100
2019-09-09,18,13,14,0.7,95,1010,92
2019-09-09,21,13,12,0.1,94,1014,80
2019-09-10,00,12,10,0.0,92,1015,46
2019-09-10,03,10,9,0.0,93,1016,83
2019-09-10,06,10,8,0.0,93,1018,72
2019-09-10,09,12,8,0.0,87,1020,33
2019-09-10,12,14,8,0.0,79,1019,35
2019-09-10,15,16,8,0.0,72,1019,37
2019-09-10,18,15,10,0.0,82,1019,16
2019-09-10,21,12,10,0.0,89,1021,17
2019-09-11,00,12,6,0.0,83,1022,14
2019-09-11,03,10,6,0.0,82,1020,95
2019-09-11,06,10,4,0.0,82,1020,100
2019-09-11,09,12,5,0.0,80,1021,75
2019-09-11,12,13,4,0.0,78,1019,66
2019-09-11,15,14,3,0.0,76,1018,58
2019-09-11,18,14,7,0.0,82,1017,100
2019-09-11,21,11,4,0.0,89,1019,79
2019-09-12,00,10,12,0.0,91,1019,68
2019-09-12,03,8,11,0.0,91,1019,19
2019-09-12,06,7,8,0.0,92,1021,27
2019-09-12,09,10,5,0.0,83,1022,2
2019-09-12,12,14,8,0.0,66,1022,1
2019-09-12,15,18,10,0.0,49,1021,0
2019-09-12,18,18,7,0.0,65,1021,0
2019-09-12,21,13,6,0.0,71,1022,0
2019-09-13,00,11,6,0.0,73,1023,0
2019-09-13,03,10,5,0.0,77,1023,0
2019-09-13,06,8,3,0.0,79,1023,10
2019-09-13,09,11,3,0.0,72,1025,76
2019-09-13,12,14,6,0.0,65,1024,44
2019-09-13,15,18,10,0.0,58,1023,12
2019-09-13,18,16,13,0.0,71,1021,18
2019-09-13,21,12,12,0.0,83,1022,27
2019-09-14,00,12,11,0.0,92,1022,23
2019-09-14,03,11,11,0.0,89,1020,2
2019-09-14,06,10,11,0.0,86,1019,0
2019-09-14,09,13,13,0.0,76,1019,7
2019-09-14,12,16,13,0.0,70,1016,9
2019-09-14,15,19,13,0.0,64,1014,12
2019-09-14,18,18,14,0.0,75,1012,9
2019-09-14,21,15,12,0.0,78,1013,8
2019-09-15,00,14,7,0.0,90,1012,7
2019-09-15,03,13,6,0.0,94,1010,20
2019-09-15,06,11,6,0.0,95,1010,18
2019-09-15,09,15,9,0.0,87,1010,13
2019-09-15,12,19,8,0.0,75,1009,24
2019-09-15,15,21,6,0.0,62,1007,36
2019-09-15,18,19,11,0.0,75,1008,48
2019-09-15,21,16,17,0.0,81,1013,92
2019-09-16,00,15,22,0.0,79,1014,98
2019-09-16,03,14,18,0.0,75,1015,41
2019-09-16,06,12,13,0.0,77,1017,33
2019-09-16,09,13,18,0.0,74,1019,44
2019-09-16,12,16,15,0.0,59,1019,23
2019-09-16,15,18,12,0.0,44,1019,2
2019-09-16,18,17,13,0.0,56,1019,0
2019-09-16,21,13,7,0.0,52,1020,0
2019-09-17,00,12,4,0.0,53,1020,0
2019-09-17,03,9,7,0.0,57,1019,0
2019-09-17,06,7,11,0.0,55,1016,0
2019-09-17,09,12,15,0.0,52,1016,0
2019-09-17,12,17,16,0.0,49,1013,0
2019-09-17,15,19,18,0.0,47,1009,0
2019-09-17,18,19,15,0.0,62,1008,2
2019-09-17,21,15,10,0.0,64,1009,5
2019-09-18,00,14,9,0.0,67,1010,5
2019-09-18,03,12,8,0.0,74,1011,4
2019-09-18,06,10,5,0.0,69,1012,3
2019-09-18,09,14,8,0.0,63,1013,0
2019-09-18,12,17,8,0.0,54,1011,7
2019-09-18,15,19,7,0.0,46,1009,15
2019-09-18,18,20,9,0.0,64,1006,2
2019-09-18,21,16,12,0.0,75,1006,0
2019-09-19,00,15,17,0.0,78,1004,0
2019-09-19,03,14,19,0.0,77,1003,0
2019-09-19,06,14,19,0.0,70,1003,11
2019-09-19,09,15,19,0.0,62,1007,31
2019-09-19,12,16,24,0.0,51,1009,29
2019-09-19,15,15,22,0.0,41,1011,26
2019-09-19,18,13,15,0.0,50,1012,3
2019-09-19,21,11,9,0.0,47,1016,12
2019-09-20,00,7,8,0.0,45,1018,27
2019-09-20,03,6,6,0.0,44,1019,13
2019-09-20,06,7,8,0.0,44,1019,2
2019-09-20,09,10,8,0.0,48,1021,4
2019-09-20,12,15,12,0.0,44,1020,2
2019-09-20,15,17,16,0.0,41,1019,0
2019-09-20,18,18,11,0.0,55,1018,0
2019-09-20,21,13,8,0.0,56,1020,0
2019-09-21,00,11,10,0.0,50,1021,0
2019-09-21,03,10,13,0.0,45,1020,0
2019-09-21,06,9,17,0.0,47,1020,0
2019-09-21,09,12,20,0.0,51,1021,0
2019-09-21,12,17,21,0.0,47,1020,0
2019-09-21,15,20,21,0.0,43,1019,0
2019-09-21,18,20,15,0.0,57,1019,0
2019-09-21,21,16,10,0.0,56,1023,0
2019-09-22,00,12,11,0.0,58,1025,0
2019-09-22,03,11,12,0.0,69,1026,0
2019-09-22,06,8,10,0.0,59,1028,3
2019-09-22,09,13,11,0.0,52,1030,0
2019-09-22,12,16,12,0.0,42,1030,0
2019-09-22,15,18,14,0.0,33,1030,0
2019-09-22,18,15,14,0.0,46,1029,0
2019-09-22,21,12,16,0.0,48,1029,0
2019-09-23,00,12,14,0.0,62,1029,0
2019-09-23,03,10,13,0.0,63,1028,0
2019-09-23,06,9,15,0.0,72,1027,0
2019-09-23,09,12,17,0.0,68,1028,0
2019-09-23,12,16,14,0.0,61,1026,4
2019-09-23,15,20,11,0.0,53,1024,8
2019-09-23,18,19,13,0.0,65,1022,4
2019-09-23,21,15,9,0.0,75,1024,4
2019-09-24,00,13,10,0.0,79,1024,1
2019-09-24,03,11,8,0.0,82,1023,0
2019-09-24,06,10,7,0.0,85,1023,0
2019-09-24,09,15,6,0.0,71,1024,0
2019-09-24,12,22,5,0.0,60,1023,0
2019-09-24,15,26,4,0.0,49,1021,0
2019-09-24,18,25,4,0.0,58,1020,0
2019-09-24,21,19,5,0.0,60,1021,0
2019-09-25,00,17,6,0.0,61,1022,0
2019-09-25,03,15,6,0.0,66,1021,2
2019-09-25,06,14,5,0.0,65,1021,0
2019-09-25,09,18,6,0.0,62,1022,3
2019-09-25,12,23,5,0.0,53,1021,3
2019-09-25,15,28,8,0.0,43,1019,2
2019-09-25,18,26,4,0.0,54,1018,7
2019-09-25,21,21,8,0.0,63,1019,5
2019-09-26,00,17,5,0.0,70,1019,17
2019-09-26,03,16,5,0.0,75,1019,3
2019-09-26,06,14,5,0.0,76,1020,6
2019-09-26,09,19,3,0.0,64,1022,3
2019-09-26,12,23,8,0.0,56,1021,2
2019-09-26,15,25,12,0.0,49,1021,2
2019-09-26,18,20,18,0.0,62,1022,4
2019-09-26,21,16,17,0.0,63,1024,5
2019-09-27,00,14,16,0.0,64,1024,7
2019-09-27,03,13,15,0.0,64,1024,8
2019-09-27,06,12,15,0.0,65,1023,8
2019-09-27,09,14,17,0.0,66,1025,7
2019-09-27,12,16,17,0.0,57,1023,14
2019-09-27,15,19,17,0.0,49,1022,21
2019-09-27,18,17,17,0.0,64,1020,12
2019-09-27,21,15,15,0.0,74,1021,33
2019-09-28,00,14,16,0.0,74,1020,47
2019-09-28,03,13,15,0.0,76,1020,24
2019-09-28,06,14,15,0.0,75,1019,20
2019-09-28,09,16,16,0.0,67,1019,6
2019-09-28,12,20,13,0.0,52,1017,5
2019-09-28,15,23,10,0.0,38,1015,5
2019-09-28,18,20,13,0.0,64,1015,6
2019-09-28,21,18,11,0.0,74,1016,2
2019-09-29,00,17,10,0.0,82,1015,3
2019-09-29,03,15,9,0.0,89,1014,1
2019-09-29,06,15,8,0.0,91,1014,3
2019-09-29,09,18,9,0.0,82,1014,5
2019-09-29,12,23,12,0.0,68,1012,5
2019-09-29,15,26,19,0.0,54,1010,5
2019-09-29,18,25,18,0.0,65,1007,6
2019-09-29,21,21,19,0.0,75,1007,11
2019-09-30,00,21,22,0.0,73,1006,2
2019-09-30,03,20,21,0.0,65,1004,3
2019-09-30,06,19,20,0.0,61,1002,10
2019-09-30,09,20,18,0.0,68,1003,18
2019-09-30,12,24,10,1.9,64,1003,89
2019-09-30,15,25,8,0.2,60,1002,70
2019-09-30,18,22,11,0.0,79,1001,23
2019-09-30,21,18,21,0.1,87,1004,97
2019-10-01,00,16,25,1.7,86,1005,75
2019-10-01,03,14,21,2.0,84,1005,90
2019-10-01,06,12,22,0.8,76,1006,85
2019-10-01,09,12,27,0.4,72,1008,54
2019-10-01,12,13,26,0.0,65,1009,64
2019-10-01,15,14,26,0.0,57,1010,74
2019-10-01,18,15,22,0.0,55,1010,31
2019-10-01,21,14,23,0.0,45,1013,10
2019-10-02,00,13,19,0.0,45,1014,19
2019-10-02,03,12,21,0.0,43,1015,26
2019-10-02,06,11,19,0.0,44,1016,54
2019-10-02,09,12,19,0.0,59,1019,43
2019-10-02,12,14,21,0.0,57,1020,35
2019-10-02,15,17,22,0.0,55,1021,27
2019-10-02,18,15,23,0.0,64,1022,8
2019-10-02,21,11,23,0.0,53,1025,0
2019-10-03,00,9,18,0.0,56,1026,6
2019-10-03,03,8,15,0.0,62,1027,2
2019-10-03,06,7,13,0.0,68,1027,10
2019-10-03,09,10,20,0.0,66,1028,16
2019-10-03,12,14,16,0.1,51,1026,70
2019-10-03,15,16,22,0.0,36,1025,1
2019-10-03,18,13,22,0.0,48,1025,12
2019-10-03,21,11,18,1.0,61,1025,80
2019-10-04,00,12,18,1.3,80,1024,100
2019-10-04,03,12,15,0.1,85,1022,100
2019-10-04,06,12,12,0.7,90,1021,100
2019-10-04,09,12,13,0.6,90,1021,100
2019-10-04,12,13,12,0.2,91,1020,100
2019-10-04,15,14,11,1.2,92,1018,100
2019-10-04,18,13,9,0.0,94,1017,100
2019-10-04,21,13,10,0.0,94,1018,82
2019-10-05,00,12,12,0.0,93,1018,89
2019-10-05,03,11,12,0.0,93,1018,55
2019-10-05,06,10,12,0.0,91,1020,42
2019-10-05,09,13,11,0.0,81,1021,4
2019-10-05,12,17,11,0.0,65,1021,2
2019-10-05,15,21,11,0.0,48,1021,0
2019-10-05,18,21,5,0.0,57,1020,0
2019-10-05,21,15,6,0.0,61,1022,0
2019-10-06,00,12,9,0.0,62,1023,0
2019-10-06,03,10,6,0.0,72,1023,2
2019-10-06,06,10,7,0.0,80,1023,9
2019-10-06,09,15,8,0.0,68,1024,0
2019-10-06,12,18,8,0.0,59,1022,0
2019-10-06,15,21,14,0.0,49,1020,0
2019-10-06,18,18,11,0.0,60,1018,7
2019-10-06,21,14,14,0.0,64,1019,11
2019-10-07,00,13,18,0.0,68,1017,8
2019-10-07,03,12,19,0.0,70,1015,6
2019-10-07,06,12,17,0.0,74,1014,4
2019-10-07,09,15,15,0.0,69,1016,7
2019-10-07,12,21,17,0.0,56,1015,6
2019-10-07,15,23,12,0.0,44,1014,4
2019-10-07,18,21,10,0.0,53,1014,10
2019-10-07,21,16,4,0.0,49,1016,24
2019-10-08,00,14,4,0.0,53,1017,13
2019-10-08,03,13,6,0.0,56,1017,17
2019-10-08,06,11,7,0.0,54,1017,1
2019-10-08,09,18,7,0.0,52,1020,0
2019-10-08,12,22,14,0.0,44,1018,0
2019-10-08,15,24,18,0.0,37,1017,0
2019-10-08,18,24,6,0.0,50,1015,0
2019-10-08,21,18,4,0.0,53,1018,0
2019-10-09,00,14,6,0.0,55,1017,9
2019-10-09,03,14,6,0.0,56,1017,4
2019-10-09,06,12,11,0.0,55,1017,18
2019-10-09,09,17,14,0.0,58,1018,14
2019-10-09,12,22,16,0.0,58,1016,14
2019-10-09,15,25,18,0.0,57,1014,13
2019-10-09,18,23,12,0.4,74,1012,85
2019-10-09,21,18,12,0.7,90,1014,78
2019-10-10,00,18,16,2.1,91,1013,83
2019-10-10,03,16,4,5.6,95,1012,85
2019-10-10,06,17,2,0.0,95,1012,36
2019-10-10,09,20,10,0.0,88,1013,41
2019-10-10,12,25,9,0.0,74,1011,26
2019-10-10,15,28,13,0.0,60,1008,10
2019-10-10,18,25,13,0.2,72,1006,73
2019-10-10,21,23,18,0.0,75,1007,24
2019-10-11,00,22,14,0.0,82,1006,20
2019-10-11,03,20,13,1.1,90,1006,81
2019-10-11,06,19,13,4.4,94,1007,87
2019-10-11,09,20,14,0.0,92,1009,48
2019-10-11,12,23,11,0.0,88,1008,41
2019-10-11,15,24,13,0.0,85,1007,34
2019-10-11,18,23,13,0.0,85,1008,21
2019-10-11,21,22,15,0.1,85,1010,80
2019-10-12,00,20,18,0.1,94,1009,78
2019-10-12,03,19,17,9.0,95,1008,75
2019-10-12,06,18,23,10.1,95,1007,98
2019-10-12,09,17,20,5.3,91,1008,81
2019-10-12,12,18,16,1.2,91,1006,91
2019-10-12,15,21,12,0.0,91,1005,100
2019-10-12,18,19,9,0.7,94,1005,100
2019-10-12,21,18,13,0.0,95,1008,66
2019-10-13,00,17,14,0.0,95,1009,63
2019-10-13,03,17,12,0.0,93,1009,34
2019-10-13,06,16,12,0.0,94,1013,31
2019-10-13,09,17,20,0.0,84,1015,21
2019-10-13,12,17,20,0.0,73,1017,21
2019-10-13,15,18,20,0.0,63,1019,21
2019-10-13,18,17,19,0.0,69,1021,4
2019-10-13,21,13,20,0.0,67,1024,17
2019-10-14,00,10,24,0.0,54,1027,24
2019-10-14,03,9,17,0.0,48,1027,28
2019-10-14,06,8,18,0.0,58,1029,49
2019-10-14,09,9,22,0.0,64,1030,30
2019-10-14,12,11,21,0.0,62,1029,20
2019-10-14,15,14,20,0.0,59,1029,10
2019-10-14,18,12,21,0.0,68,1029,8
2019-10-14,21,9,22,0.0,68,1031,5
2019-10-15,00,8,18,0.0,73,1031,63
2019-10-15,03,9,14,0.0,70,1030,84
2019-10-15,06,9,14,0.0,71,1030,100
2019-10-15,09,10,18,0.2,74,1031,95
2019-10-15,12,13,17,0.0,79,1029,81
2019-10-15,15,13,14,0.2,84,1028,68
2019-10-15,18,11,11,1.0,89,1027,92
2019-10-15,21,12,14,0.0,90,1027,97
2019-10-16,00,12,13,0.0,89,1026,99
2019-10-16,03,12,12,0.0,88,1025,78
2019-10-16,06,12,12,0.0,89,1024,100
2019-10-16,09,13,13,0.0,88,1025,91
2019-10-16,12,14,15,0.0,87,1023,95
2019-10-16,15,15,18,0.0,85,1021,100
2019-10-16,18,15,16,0.0,88,1019,100
2019-10-16,21,15,16,0.0,91,1020,100
2019-10-17,00,15,15,0.0,93,1019,100
2019-10-17,03,15,15,0.0,95,1017,100
2019-10-17,06,15,12,0.5,95,1016,100
2019-10-17,09,16,13,1.8,96,1017,100
2019-10-17,12,16,10,2.6,97,1014,100
2019-10-17,15,17,12,0.2,98,1012,100
2019-10-17,18,17,12,0.2,96,1012,92
2019-10-17,21,15,9,0.0,96,1014,99
2019-10-18,00,15,8,0.0,91,1014,12
2019-10-18,03,13,10,0.0,91,1015,9
2019-10-18,06,12,8,0.0,92,1016,23
2019-10-18,09,15,13,0.0,77,1019,0
2019-10-18,12,19,21,0.0,65,1019,0
2019-10-18,15,21,20,0.0,53,1020,0
2019-10-18,18,22,16,0.0,63,1019,0
2019-10-18,21,17,13,0.0,72,1021,0
2019-10-19,00,15,5,0.0,76,1022,0
2019-10-19,03,14,3,0.0,78,1023,0
2019-10-19,06,12,4,0.0,74,1023,0
2019-10-19,09,19,5,0.0,60,1025,0
2019-10-19,12,23,8,0.0,56,1024,0
2019-10-19,15,24,11,0.0,53,1023,0
2019-10-19,18,23,9,0.0,67,1021,0
2019-10-19,21,17,10,0.0,70,1022,0
2019-10-20,00,15,13,0.0,76,1022,0
2019-10-20,03,13,11,0.0,79,1021,0
2019-10-20,06,12,10,0.0,69,1020,3
2019-10-20,09,15,10,0.0,64,1022,6
2019-10-20,12,16,8,0.0,61,1021,27
2019-10-20,15,17,6,0.0,59,1021,47
2019-10-20,18,16,11,0.0,61,1019,44
2019-10-20,21,14,9,0.3,58,1020,52
2019-10-21,00,14,11,0.0,77,1020,57
2019-10-21,03,13,9,0.0,79,1018,48
2019-10-21,06,12,7,0.0,81,1018,67
2019-10-21,09,14,7,0.0,81,1019,83
2019-10-21,12,16,9,0.0,72,1017,57
2019-10-21,15,19,11,0.0,63,1016,32
2019-10-21,18,19,5,0.0,71,1015,9
2019-10-21,21,15,6,0.0,78,1016,12
2019-10-22,00,14,9,0.0,82,1016,14
2019-10-22,03,13,12,0.0,87,1015,4
2019-10-22,06,12,12,0.0,88,1016,3
2019-10-22,09,15,9,0.0,63,1017,5
2019-10-22,12,18,17,0.0,56,1016,13
2019-10-22,15,20,17,0.0,48,1016,21
2019-10-22,18,19,12,0.0,60,1014,21
2019-10-22,21,14,12,0.0,68,1015,8
2019-10-23,00,13,11,0.0,66,1015,7
2019-10-23,03,11,13,0.0,76,1015,5
2019-10-23,06,11,9,0.0,72,1016,3
2019-10-23,09,14,15,0.0,67,1018,3
2019-10-23,12,17,18,0.0,60,1016,12
2019-10-23,15,20,21,0.0,54,1015,21
2019-10-23,18,19,15,0.0,65,1014,10
2019-10-23,21,15,10,0.0,75,1016,0
2019-10-24,00,13,3,0.0,76,1016,0
2019-10-24,03,12,4,0.0,76,1015,0
2019-10-24,06,10,5,0.0,75,1016,0
2019-10-24,09,18,7,0.0,62,1017,0
2019-10-24,12,21,11,0.0,54,1016,9
2019-10-24,15,24,15,0.0,45,1014,18
2019-10-24,18,23,9,0.0,55,1014,14
2019-10-24,21,18,4,0.0,56,1016,79
2019-10-25,00,17,9,0.0,53,1015,22
2019-10-25,03,15,10,1.1,77,1015,86
2019-10-25,06,15,12,0.0,93,1016,26
2019-10-25,09,20,11,0.0,81,1017,4
2019-10-25,12,24,12,0.0,70,1016,2
2019-10-25,15,27,13,0.0,59,1015,0
2019-10-25,18,26,6,0.0,64,1014,12
2019-10-25,21,22,7,0.0,67,1015,8
2019-10-26,00,20,15,0.0,75,1014,1
2019-10-26,03,19,17,0.0,77,1013,1
2019-10-26,06,17,15,0.0,79,1013,4
2019-10-26,09,21,18,0.0,67,1013,9
2019-10-26,12,25,19,0.0,59,1010,7
2019-10-26,15,26,21,0.0,50,1007,5
2019-10-26,18,24,14,0.0,59,1006,31
2019-10-26,21,22,9,0.0,63,1009,88
2019-10-27,00,21,12,0.0,74,1009,48
2019-10-27,03,19,8,0.0,82,1008,16
2019-10-27,06,19,7,0.0,80,1008,15
2019-10-27,09,22,8,0.0,72,1009,13
2019-10-27,12,24,13,0.0,66,1008,21
2019-10-27,15,26,18,0.0,60,1006,28
2019-10-27,18,23,16,0.0,73,1005,13
2019-10-27,21,20,17,0.0,83,1007,87
2019-10-28,00,19,15,0.0,85,1007,67
2019-10-28,03,19,10,0.0,90,1006,83
2019-10-28,06,19,6,2.5,95,1005,60
2019-10-28,09,22,11,0.0,85,1004,29
2019-10-28,12,20,10,0.4,87,1005,64
2019-10-28,15,17,16,0.2,89,1006,100
2019-10-28,18,17,15,0.0,88,1005,40
2019-10-28,21,15,16,0.0,89,1008,43
2019-10-29,00,13,16,0.0,91,1009,62
2019-10-29,03,13,16,0.0,88,1008,97
2019-10-29,06,13,14,0.0,91,1009,91
2019-10-29,09,14,14,0.0,86,1011,91
2019-10-29,12,19,15,0.0,76,1010,48
2019-10-29,15,21,17,0.0,66,1009,5
2019-10-29,18,19,17,0.0,68,1009,9
2019-10-29,21,15,17,0.0,75,1011,7
2019-10-30,00,14,15,0.0,81,1011,11
2019-10-30,03,14,16,0.0,85,1011,6
2019-10-30,06,14,18,0.0,83,1011,9
2019-10-30,09,17,18,0.0,74,1013,13
2019-10-30,12,17,18,0.0,68,1014,28
2019-10-30,15,19,18,0.0,62,1016,42
2019-10-30,18,21,16,0.0,67,1015,1
2019-10-30,21,17,14,0.0,74,1019,0
2019-10-31,00,15,9,0.0,80,1021,0
2019-10-31,03,14,10,0.0,78,1020,0
2019-10-31,06,14,9,0.0,73,1020,0
2019-10-31,09,18,13,0.0,62,1022,5
2019-10-31,12,20,15,0.0,56,1020,4
2019-10-31,15,22,18,0.0,50,1019,2
2019-10-31,18,20,19,0.0,66,1018,0
2019-10-31,21,16,15,0.0,75,1019,0
2019-11-01,00,16,22,0.0,84,1018,17
2019-11-01,03,16,20,0.0,75,1018,10
2019-11-01,06,14,17,0.0,83,1017,33
2019-11-01,09,17,19,0.0,80,1017,79
2019-11-01,12,20,15,0.0,79,1015,84
2019-11-01,15,22,14,0.7,78,1012,89
2019-11-01,18,21,11,0.1,90,1010,100
2019-11-01,21,21,5,0.0,96,1011,100
2019-11-02,00,21,3,3.5,98,1010,100
2019-11-02,03,20,10,0.0,98,1009,100
2019-11-02,06,19,9,0.0,95,1010,52
2019-11-02,09,20,18,0.0,86,1012,41
2019-11-02,12,22,17,0.0,69,1012,24
2019-11-02,15,25,19,0.0,53,1011,7
2019-11-02,18,24,15,0.0,57,1012,0
2019-11-02,21,18,11,0.0,60,1014,13
2019-11-03,00,17,16,0.0,63,1015,0
2019-11-03,03,15,13,0.0,67,1014,0
2019-11-03,06,12,9,0.0,70,1014,0
2019-11-03,09,17,9,0.0,59,1015,0
2019-11-03,12,22,5,0.0,53,1012,1
2019-11-03,15,24,6,0.0,47,1010,2
2019-11-03,18,23,4,0.0,61,1008,18
2019-11-03,21,19,7,0.0,63,1008,47
2019-11-04,00,18,7,0.5,73,1008,86
2019-11-04,03,18,9,0.0,78,1006,48
2019-11-04,06,18,7,0.0,85,1006,48
2019-11-04,09,21,8,1.1,81,1006,56
2019-11-04,12,23,5,0.3,78,1005,56
2019-11-04,15,25,5,0.0,75,1004,55
2019-11-04,18,23,5,0.2,83,1004,73
2019-11-04,21,21,4,0.0,89,1007,4
2019-11-05,00,19,7,0.0,90,1009,6
2019-11-05,03,15,12,0.0,79,1011,4
2019-11-05,06,13,11,0.0,72,1013,0
2019-11-05,09,19,6,0.0,56,1016,2
2019-11-05,12,24,8,0.0,48,1016,1
2019-11-05,15,26,14,0.0,41,1015,0
2019-11-05,18,26,9,0.0,54,1015,0
2019-11-05,21,20,8,0.0,55,1017,0
2019-11-06,00,17,10,0.0,57,1016,0
2019-11-06,03,15,9,0.0,67,1016,5
2019-11-06,06,16,9,0.0,76,1016,4
2019-11-06,09,20,11,0.0,71,1018,5
2019-11-06,12,23,13,0.0,65,1016,17
2019-11-06,15,25,15,0.0,59,1015,30
2019-11-06,18,24,14,0.0,66,1013,15
2019-11-06,21,21,12,0.0,65,1014,8
2019-11-07,00,20,11,0.0,65,1013,0
2019-11-07,03,18,12,0.0,72,1012,4
2019-11-07,06,16,8,0.0,79,1012,7
2019-11-07,09,22,14,0.0,66,1014,0
2019-11-07,12,25,13,0.0,59,1013,3
2019-11-07,15,29,13,0.0,52,1011,5
2019-11-07,18,26,9,0.0,61,1012,16
2019-11-07,21,19,24,0.0,57,1015,8
2019-11-08,00,16,21,0.0,58,1016,11
2019-11-08,03,14,19,0.0,61,1016,21
2019-11-08,06,14,16,0.0,62,1016,34
2019-11-08,09,18,17,0.0,64,1017,26
2019-11-08,12,20,16,0.0,60,1015,17
2019-11-08,15,23,16,0.0,56,1014,7
2019-11-08,18,21,17,0.0,71,1012,14
2019-11-08,21,18,15,0.0,74,1015,66
2019-11-09,00,17,13,0.0,80,1016,65
2019-11-09,03,17,12,0.1,90,1015,63
2019-11-09,06,17,13,0.7,94,1016,81
2019-11-09,09,19,14,0.0,89,1018,55
2019-11-09,12,21,14,0.1,83,1017,71
2019-11-09,15,23,15,0.0,76,1016,37
2019-11-09,18,22,15,0.0,63,1016,49
2019-11-09,21,19,19,0.0,66,1019,64
2019-11-10,00,16,16,0.0,80,1020,3
2019-11-10,03,16,15,0.0,85,1020,12
2019-11-10,06,15,13,0.0,77,1021,40
2019-11-10,09,20,14,0.0,61,1022,33
2019-11-10,12,22,15,0.0,56,1021,20
2019-11-10,15,23,17,0.0,52,1021,7
2019-11-10,18,21,20,0.0,62,1020,9
2019-11-10,21,18,20,0.0,70,1022,2
2019-11-11,00,17,17,0.0,76,1021,0
2019-11-11,03,17,18,0.0,84,1021,5
2019-11-11,06,16,15,0.0,80,1022,8
2019-11-11,09,19,18,0.0,70,1023,6
2019-11-11,12,21,19,0.1,65,1021,74
2019-11-11,15,23,20,0.0,59,1019,28
2019-11-11,18,22,19,0.0,67,1017,21
2019-11-11,21,20,17,0.0,79,1018,8
2019-11-12,00,19,21,0.0,81,1017,11
2019-11-12,03,17,16,0.0,87,1017,56
2019-11-12,06,16,16,0.0,91,1017,75
2019-11-12,09,20,16,0.0,81,1017,63
2019-11-12,12,23,14,0.0,71,1014,36
2019-11-12,15,27,13,0.0,60,1011,9
2019-11-12,18,26,15,0.0,70,1009,10
2019-11-12,21,22,14,0.0,81,1011,6
2019-11-13,00,21,13,0.0,88,1011,11
2019-11-13,03,20,9,0.0,92,1009,32
2019-11-13,06,19,6,0.0,92,1009,24
2019-11-13,09,25,4,0.0,78,1011,7
2019-11-13,12,27,5,0.0,65,1009,16
2019-11-13,15,29,5,0.0,52,1007,25
2019-11-13,18,28,6,0.0,62,1006,10
2019-11-13,21,25,7,0.0,70,1010,3
2019-11-14,00,22,4,0.0,76,1009,5
2019-11-14,03,20,6,0.0,80,1009,5
2019-11-14,06,18,11,0.0,77,1010,8
2019-11-14,09,23,14,0.0,65,1012,5
2019-11-14,12,26,15,0.0,52,1012,4
2019-11-14,15,27,16,0.0,39,1012,2
2019-11-14,18,27,13,0.0,48,1011,2
2019-11-14,21,23,16,0.0,45,1014,3
2019-11-15,00,21,9,0.0,65,1014,3
2019-11-15,03,18,9,0.0,82,1014,12
2019-11-15,06,17,6,0.0,81,1014,11
2019-11-15,09,22,6,0.0,65,1016,3
2019-11-15,12,26,6,0.0,55,1014,3
2019-11-15,15,30,6,0.0,45,1012,3
2019-11-15,18,28,16,0.0,56,1010,4
2019-11-15,21,23,16,0.0,57,1011,6
2019-11-16,00,23,17,0.0,46,1011,15
2019-11-16,03,23,15,0.0,52,1010,25
2019-11-16,06,21,14,0.0,60,1011,86
2019-11-16,09,23,11,0.1,57,1013,70
2019-11-16,12,22,20,0.6,61,1013,73
2019-11-16,15,22,24,0.0,66,1012,76
2019-11-16,18,21,12,0.0,66,1010,8
2019-11-16,21,18,9,0.0,72,1011,4
2019-11-17,00,21,12,0.0,61,1010,4
2019-11-17,03,20,11,0.0,67,1011,5
2019-11-17,06,19,12,0.0,67,1012,6
2019-11-17,09,25,13,0.0,52,1013,9
2019-11-17,12,29,14,0.0,44,1012,9
2019-11-17,15,32,15,0.0,36,1010,9
2019-11-17,18,29,14,0.0,35,1009,10
2019-11-17,21,27,8,0.0,46,1011,86
2019-11-18,00,22,10,1.3,82,1014,87
2019-11-18,03,23,10,0.0,70,1013,16
2019-11-18,06,21,3,0.0,73,1013,70
2019-11-18,09,27,4,0.0,55,1015,20
2019-11-18,12,29,7,0.0,49,1014,50
2019-11-18,15,32,7,0.0,42,1014,81
2019-11-18,18,27,6,2.7,50,1013,79
2019-11-18,21,25,10,0.0,78,1015,51
2019-11-19,00,23,6,0.0,65,1016,77
2019-11-19,03,21,1,0.0,64,1016,46
2019-11-19,06,21,6,0.0,70,1017,47
2019-11-19,09,25,8,0.0,52,1018,26
2019-11-19,12,30,10,0.0,44,1016,36
2019-11-19,15,31,12,0.0,36,1014,46
2019-11-19,18,30,14,0.5,46,1012,86
2019-11-19,21,25,14,0.0,60,1013,14
2019-11-20,00,24,13,0.0,71,1013,15
2019-11-20,03,24,12,0.0,67,1011,9
2019-11-20,06,23,11,0.0,65,1012,16
2019-11-20,09,28,12,0.0,47,1013,8
2019-11-20,12,32,8,0.0,38,1012,11
2019-11-20,15,35,4,0.0,29,1010,14
2019-11-20,18,34,15,0.0,35,1008,12
2019-11-20,21,28,15,0.0,49,1009,10
2019-11-21,00,26,14,0.0,56,1011,23
2019-11-21,03,23,15,0.0,79,1009,33
2019-11-21,06,21,11,0.0,79,1011,70
2019-11-21,09,25,9,0.0,70,1011,52
2019-11-21,12,27,7,0.0,65,1011,35
2019-11-21,15,29,10,0.0,61,1010,17
2019-11-21,18,26,9,1.2,58,1010,74
2019-11-21,21,22,12,0.0,76,1012,45
2019-11-22,00,24,14,2.4,79,1010,61
2019-11-22,03,21,9,0.4,79,1009,78
2019-11-22,06,21,6,0.0,77,1010,77
2019-11-22,09,23,17,0.0,71,1013,29
2019-11-22,12,25,14,0.0,64,1013,42
2019-11-22,15,26,18,0.0,58,1013,55
2019-11-22,18,26,19,0.0,66,1014,87
2019-11-22,21,21,22,0.0,67,1017,58
2019-11-23,00,14,19,0.0,43,1021,19
2019-11-23,03,12,17,0.0,64,1021,15
2019-11-23,06,12,15,0.0,80,1022,3
2019-11-23,09,18,16,0.0,61,1024,10
2019-11-23,12,22,18,0.0,46,1022,5
2019-11-23,15,24,20,0.0,32,1020,1
2019-11-23,18,20,21,0.0,56,1020,6
2019-11-23,21,17,19,0.0,68,1021,11
2019-11-24,00,16,20,0.0,74,1021,4
2019-11-24,03,15,19,0.0,76,1019,6
2019-11-24,06,14,18,0.0,78,1019,0
2019-11-24,09,18,21,0.0,63,1020,0
2019-11-24,12,21,21,0.0,57,1017,0
2019-11-24,15,24,22,0.0,51,1014,0
2019-11-24,18,24,21,0.0,61,1012,0
2019-11-24,21,20,20,0.0,71,1013,24
2019-11-25,00,20,20,0.0,73,1012,19
2019-11-25,03,18,21,0.0,71,1012,54
2019-11-25,06,16,18,0.0,77,1012,36
2019-11-25,09,18,18,0.3,69,1013,84
2019-11-25,12,17,16,1.2,74,1012,74
2019-11-25,15,17,13,0.8,80,1010,100
2019-11-25,18,18,8,0.0,80,1008,61
2019-11-25,21,15,10,0.0,85,1008,93
2019-11-26,00,18,6,0.2,92,1008,77
2019-11-26,03,17,10,0.1,95,1008,62
2019-11-26,06,16,15,0.0,92,1008,30
2019-11-26,09,20,12,0.0,67,1010,33
2019-11-26,12,23,16,0.0,57,1009,39
2019-11-26,15,27,21,0.0,47,1009,45
2019-11-26,18,25,13,0.0,46,1010,4
2019-11-26,21,21,14,0.0,44,1011,0
2019-11-27,00,18,15,0.0,41,1012,0
2019-11-27,03,17,7,0.0,37,1013,0
2019-11-27,06,15,10,0.0,40,1013,0
2019-11-27,09,19,15,0.0,37,1015,21
2019-11-27,12,23,17,0.0,33,1014,12
2019-11-27,15,27,20,0.0,30,1013,3
2019-11-27,18,27,18,0.0,43,1012,4
2019-11-27,21,22,12,0.0,40,1014,4
2019-11-28,00,19,15,0.0,44,1014,0
2019-11-28,03,17,10,0.0,45,1014,1
2019-11-28,06,15,9,0.0,51,1014,5
2019-11-28,09,23,13,0.0,44,1015,4
2019-11-28,12,26,12,0.0,39,1013,4
2019-11-28,15,30,16,0.0,34,1011,4
2019-11-28,18,28,12,0.0,43,1009,4
2019-11-28,21,23,22,0.0,47,1010,4
2019-11-29,00,21,20,0.0,53,1010,0
2019-11-29,03,20,19,0.0,63,1008,2
2019-11-29,06,19,17,0.0,72,1008,3
2019-11-29,09,23,20,0.0,56,1008,3
2019-11-29,12,26,19,0.0,51,1007,14
2019-11-29,15,29,18,0.2,46,1005,83
2019-11-29,18,28,9,0.0,53,1004,16
2019-11-29,21,25,3,0.0,56,1007,0
2019-11-30,00,22,14,0.0,28,1010,5
2019-11-30,03,19,9,0.0,29,1009,0
2019-11-30,06,16,10,0.0,34,1010,0
2019-11-30,09,23,15,0.0,35,1012,0
2019-11-30,12,26,17,0.0,29,1010,0
2019-11-30,15,29,19,0.0,22,1009,0
2019-11-30,18,28,17,0.0,32,1009,0
2019-11-30,21,22,12,0.0,31,1011,0
2019-12-01,00,19,19,0.0,47,1016,0
2019-12-01,03,16,17,0.0,67,1017,0
2019-12-01,06,14,12,0.0,47,1020,2
2019-12-01,09,19,10,0.0,33,1022,2
2019-12-01,12,23,11,0.0,28,1021,1
2019-12-01,15,26,12,0.0,24,1019,0
2019-12-01,18,25,11,0.0,31,1018,0
2019-12-01,21,21,10,0.0,31,1019,0
2019-12-02,00,18,16,0.0,41,1021,0
2019-12-02,03,15,14,0.0,67,1020,1
2019-12-02,06,15,9,0.0,64,1020,0
2019-12-02,09,21,10,0.0,49,1021,0
2019-12-02,12,24,10,0.0,38,1018,2
2019-12-02,15,27,9,0.0,26,1016,4
2019-12-02,18,27,13,0.0,35,1013,0
2019-12-02,21,22,13,0.0,38,1013,0
2019-12-03,00,19,14,0.0,44,1013,2
2019-12-03,03,17,12,0.0,51,1012,5
2019-12-03,06,17,15,0.0,51,1012,9
2019-12-03,09,21,19,0.0,45,1013,12
2019-12-03,12,23,18,0.0,56,1011,31
2019-12-03,15,20,17,0.5,68,1010,50
2019-12-03,18,19,15,0.7,69,1009,67
2019-12-03,21,18,8,0.0,69,1009,7
2019-12-04,00,18,1,0.1,71,1010,71
2019-12-04,03,16,7,0.0,73,1010,14
2019-12-04,06,16,7,0.0,73,1010,50
2019-12-04,09,20,10,0.0,64,1012,6
2019-12-04,12,24,15,0.0,48,1012,11
2019-12-04,15,25,20,0.0,31,1012,15
2019-12-04,18,24,17,0.0,29,1011,11
2019-12-04,21,20,20,0.0,40,1013,25
2019-12-05,00,16,17,0.0,52,1015,2
2019-12-05,03,15,12,0.0,60,1015,2
2019-12-05,06,13,8,0.0,65,1015,0
2019-12-05,09,17,12,0.0,49,1015,0
2019-12-05,12,21,11,0.0,35,1014,2
2019-12-05,15,25,10,0.0,20,1012,5
2019-12-05,18,24,8,0.0,21,1010,3
2019-12-05,21,20,8,0.0,26,1010,1
2019-12-06,00,20,14,0.0,26,1008,3
2019-12-06,03,19,17,0.0,29,1007,5
2019-12-06,06,18,15,0.0,31,1009,7
2019-12-06,09,23,12,0.0,29,1010,5
2019-12-06,12,27,12,0.0,23,1010,5
2019-12-06,15,30,12,0.0,16,1010,6
2019-12-06,18,30,15,0.0,22,1010,14
2019-12-06,21,25,19,0.0,26,1013,6
2019-12-07,00,20,16,0.0,43,1015,0
2019-12-07,03,18,12,0.0,47,1015,0
2019-12-07,06,15,7,0.0,50,1016,5
2019-12-07,09,22,5,0.0,33,1017,3
2019-12-07,12,26,9,0.0,24,1014,9
2019-12-07,15,29,9,0.0,15,1012,14
2019-12-07,18,27,13,0.0,14,1010,16
2019-12-07,21,23,10,0.0,24,1010,4
2019-12-08,00,20,17,0.0,39,1013,7
2019-12-08,03,18,16,0.0,39,1012,4
2019-12-08,06,17,11,0.0,39,1012,5
2019-12-08,09,24,21,0.0,37,1012,4
2019-12-08,12,28,16,0.0,33,1010,25
2019-12-08,15,32,11,0.0,29,1007,46
2019-12-08,18,31,17,0.0,35,1007,10
2019-12-08,21,26,15,0.0,43,1008,8
2019-12-09,00,23,12,0.0,52,1010,3
2019-12-09,03,22,12,0.0,65,1010,4
2019-12-09,06,21,10,0.0,69,1011,3
2019-12-09,09,28,14,0.0,44,1012,0
2019-12-09,12,32,14,0.0,33,1010,3
2019-12-09,15,35,14,0.0,21,1008,7
2019-12-09,18,35,12,0.0,26,1007,4
2019-12-09,21,28,12,0.0,29,1007,3
2019-12-10,00,26,21,0.0,27,1008,2
2019-12-10,03,23,23,0.0,40,1008,0
2019-12-10,06,22,20,0.0,42,1009,0
2019-12-10,09,29,24,0.0,39,1010,0
2019-12-10,12,34,20,0.0,29,1008,2
2019-12-10,15,37,16,0.0,19,1006,4
2019-12-10,18,37,7,0.0,25,1004,4
2019-12-10,21,30,7,0.0,27,1006,3
2019-12-11,00,27,12,0.0,34,1008,4
2019-12-11,03,24,17,0.0,42,1007,4
2019-12-11,06,22,10,0.0,47,1007,7
2019-12-11,09,28,12,0.0,39,1008,4
2019-12-11,12,33,19,0.0,30,1004,6
2019-12-11,15,36,20,0.0,22,1001,7
2019-12-11,18,33,20,0.0,34,1001,15
2019-12-11,21,25,12,0.0,70,1003,23
2019-12-12,00,22,7,0.8,81,1004,81
2019-12-12,03,22,16,0.4,84,1005,82
2019-12-12,06,20,19,0.0,59,1005,0
2019-12-12,09,23,25,0.0,31,1009,0
2019-12-12,12,25,23,0.0,25,1009,6
2019-12-12,15,27,24,0.0,19,1010,12
2019-12-12,18,24,23,0.0,26,1011,2
2019-12-12,21,20,15,0.0,28,1014,3
2019-12-13,00,17,19,0.0,35,1016,2
2019-12-13,03,15,13,0.0,41,1016,2
2019-12-13,06,13,9,0.0,46,1017,6
2019-12-13,09,19,9,0.0,31,1018,22
2019-12-13,12,23,12,0.0,27,1015,16
2019-12-13,15,27,14,0.0,23,1013,10
2019-12-13,18,26,15,0.0,28,1011,9
2019-12-13,21,21,15,0.0,37,1013,8
2019-12-14,00,19,17,0.0,42,1014,5
2019-12-14,03,19,14,0.0,47,1013,7
2019-12-14,06,18,13,0.0,53,1014,11
2019-12-14,09,23,13,0.0,39,1015,22
2019-12-14,12,28,12,0.0,30,1012,16
2019-12-14,15,31,10,0.0,22,1010,9
2019-12-14,18,29,12,0.0,34,1010,4
2019-12-14,21,22,16,0.0,53,1011,19
2019-12-15,00,21,10,0.0,70,1011,14
2019-12-15,03,19,2,0.0,86,1010,32
2019-12-15,06,18,8,0.9,92,1009,70
2019-12-15,09,22,6,0.3,67,1010,87
2019-12-15,12,24,13,0.3,58,1008,75
2019-12-15,15,26,15,0.0,48,1006,40
2019-12-15,18,25,13,0.0,44,1005,16
2019-12-15,21,21,9,0.0,70,1008,12
2019-12-16,00,19,12,0.0,77,1009,7
2019-12-16,03,18,4,0.0,78,1009,8
2019-12-16,06,16,7,0.0,82,1009,5
2019-12-16,09,23,5,0.0,57,1011,7
2019-12-16,12,25,14,0.0,50,1009,18
2019-12-16,15,26,14,0.0,43,1007,29
2019-12-16,18,23,13,0.4,72,1008,71
2019-12-16,21,22,22,0.0,59,1010,5
2019-12-17,00,19,12,0.0,63,1011,8
2019-12-17,03,19,8,0.0,70,1011,3
2019-12-17,06,18,5,0.0,76,1013,3
2019-12-17,09,24,4,0.0,52,1014,3
2019-12-17,12,28,9,0.0,41,1013,3
2019-12-17,15,30,14,0.0,30,1011,4
2019-12-17,18,27,18,0.0,44,1011,4
2019-12-17,21,21,20,0.0,63,1013,7
2019-12-18,00,20,17,0.0,68,1014,2
2019-12-18,03,21,14,0.0,72,1013,0
2019-12-18,06,19,17,0.0,73,1013,6
2019-12-18,09,25,20,0.0,49,1015,4
2019-12-18,12,29,19,0.0,39,1012,4
2019-12-18,15,32,19,0.0,28,1010,5
2019-12-18,18,31,20,0.0,34,1010,5
2019-12-18,21,25,16,0.0,42,1011,21
2019-12-19,00,23,18,0.0,48,1012,39
2019-12-19,03,21,16,0.0,59,1012,17
2019-12-19,06,20,13,0.0,67,1013,15
2019-12-19,09,26,12,0.0,46,1013,12
2019-12-19,12,30,12,0.0,35,1011,7
2019-12-19,15,34,12,0.0,23,1008,2
2019-12-19,18,32,15,0.0,29,1007,5
2019-12-19,21,26,15,0.0,44,1008,18
2019-12-20,00,24,13,0.0,51,1010,4
2019-12-20,03,24,7,0.0,61,1010,5
2019-12-20,06,22,11,0.0,66,1009,45
2019-12-20,09,22,11,0.4,75,1011,74
2019-12-20,12,21,9,1.2,79,1010,67
2019-12-20,15,20,12,3.7,83,1010,89
2019-12-20,18,20,13,0.0,87,1008,77
2019-12-20,21,18,15,0.0,85,1011,43
2019-12-21,00,16,14,0.0,86,1010,59
2019-12-21,03,15,17,0.0,87,1010,98
2019-12-21,06,13,15,0.0,83,1011,92
2019-12-21,09,17,20,0.0,61,1012,31
2019-12-21,12,21,17,0.0,48,1011,23
2019-12-21,15,25,16,0.0,36,1011,15
2019-12-21,18,24,15,0.0,34,1010,6
2019-12-21,21,20,18,0.0,35,1012,0
2019-12-22,00,16,16,0.0,48,1015,0
2019-12-22,03,13,11,0.0,58,1015,0
2019-12-22,06,11,8,0.0,76,1016,0
2019-12-22,09,16,6,0.0,50,1018,0
2019-12-22,12,23,8,0.0,36,1016,0
2019-12-22,15,27,9,0.0,22,1015,0
2019-12-22,18,27,13,0.0,25,1014,0
2019-12-22,21,23,13,0.0,36,1015,0
2019-12-23,00,20,7,0.0,45,1015,0
2019-12-23,03,18,5,0.0,55,1015,0
2019-12-23,06,14,10,0.0,48,1014,0
2019-12-23,09,21,10,0.0,34,1015,32
2019-12-23,12,27,10,0.0,27,1012,19
2019-12-23,15,31,10,0.0,19,1010,7
2019-12-23,18,31,12,0.0,25,1009,0
2019-12-23,21,25,12,0.0,28,1009,0
2019-12-24,00,22,16,0.0,40,1010,0
2019-12-24,03,19,18,0.0,48,1008,0
2019-12-24,06,18,15,0.0,52,1008,0
2019-12-24,09,24,19,0.0,39,1008,0
2019-12-24,12,29,18,0.0,31,1005,0
2019-12-24,15,34,18,0.0,22,1002,0
2019-12-24,18,33,18,0.0,27,1002,0
2019-12-24,21,27,16,0.0,35,1003,0
2019-12-25,00,26,13,0.0,46,1007,2
2019-12-25,03,21,23,0.0,49,1010,45
2019-12-25,06,20,27,0.0,47,1014,94
2019-12-25,09,20,16,0.0,52,1015,43
2019-12-25,12,19,16,0.0,54,1015,55
2019-12-25,15,19,11,1.2,57,1014,67
2019-12-25,18,19,16,0.2,75,1015,71
2019-12-25,21,17,15,0.0,85,1017,18
2019-12-26,00,16,14,0.0,84,1017,60
2019-12-26,03,16,15,0.0,86,1016,29
2019-12-26,06,16,13,0.0,88,1016,43
2019-12-26,09,21,16,0.0,72,1017,58
2019-12-26,12,25,14,0.0,60,1015,43
2019-12-26,15,28,12,0.0,48,1012,29
2019-12-26,18,26,16,0.0,71,1011,72
2019-12-26,21,21,17,0.0,87,1012,26
2019-12-27,00,21,15,0.5,92,1013,70
2019-12-27,03,22,10,0.9,94,1012,59
2019-12-27,06,21,9,0.2,92,1013,64
2019-12-27,09,25,14,0.5,80,1014,73
2019-12-27,12,27,13,0.2,66,1012,82
2019-12-27,15,32,12,0.0,51,1010,27
2019-12-27,18,33,8,0.0,55,1009,22
2019-12-27,21,27,14,0.0,74,1010,23
2019-12-28,00,25,10,0.0,84,1011,12
2019-12-28,03,24,8,0.9,88,1009,82
2019-12-28,06,24,9,0.0,87,1009,13
2019-12-28,09,27,8,0.0,81,1012,21
2019-12-28,12,29,4,0.0,71,1011,13
2019-12-28,15,31,7,0.0,62,1010,6
2019-12-28,18,31,10,0.0,61,1009,9
2019-12-28,21,29,5,0.0,73,1010,6
2019-12-29,00,26,12,0.0,75,1012,8
2019-12-29,03,25,13,0.0,81,1011,18
2019-12-29,06,23,10,0.0,81,1012,13
2019-12-29,09,28,12,0.0,66,1014,12
2019-12-29,12,32,13,0.0,55,1012,15
2019-12-29,15,34,10,0.0,44,1011,17
2019-12-29,18,32,8,0.0,58,1008,21
2019-12-29,21,26,10,0.0,83,1011,20
2019-12-30,00,25,13,0.0,80,1012,14
2019-12-30,03,24,9,0.0,82,1010,11
2019-12-30,06,24,9,0.0,86,1010,16
2019-12-30,09,25,11,0.0,82,1012,50
2019-12-30,12,26,11,1.5,84,1010,66
2019-12-30,15,25,11,1.3,86,1008,82
2019-12-30,18,24,18,1.6,88,1006,85
2019-12-30,21,22,17,4.0,93,1007,100
2019-12-31,00,23,9,8.3,93,1007,71
2019-12-31,03,22,6,7.5,95,1006,100
2019-12-31,06,22,13,0.0,94,1006,89
2019-12-31,09,22,16,0.1,89,1008,98
2019-12-31,12,25,19,0.0,77,1008,83
2019-12-31,15,27,18,0.0,66,1008,68
2019-12-31,18,26,16,0.0,70,1008,62
2019-12-31,21,23,18,0.0,81,1010,19
